REId,name_short,E2_2in,E1_1in,phi_input
REL00001,Ale El,0.6777534,0.67043176,-0.007321639999999907
REL00003,Almnäs Bruk,1.0,1.0,0.0
REL00004,Alvesta Elnät,0.72092524,0.71803852,-0.0028867200000000093
REL00005,Arvika Teknik,0.770253,0.7653288,-0.004924199999999934
REL00007,Bengtsfors Energi,0.71212849,0.70698654,-0.005141949999999951
REL00008,Bergs Tingslags,0.65598244,0.64339721,-0.012585230000000003
REL00010,Bjäre Kraft,0.72696282,0.7221526,-0.004810219999999976
REL00011,Bjärke Energi,0.62103286,0.62013822,-0.0008946400000000576
REL00012,Upplands Energi,0.75806256,0.75651195,-0.0015506100000000078
REL00014,Blåsjön Nät,0.87089561,0.70025297,-0.17064264000000007
REL00015,Bodens Energi,1.0,1.0,0.0
REL00016,Boo Energi,1.0,1.0,0.0
REL00017,Borgholm Energi,0.77157811,0.76749033,-0.004087779999999985
REL00018,Borlänge Energi,0.99247418,0.80950944,-0.18296473999999996
REL00019,Borås Elnät,0.97932725,0.82533276,-0.15399448999999998
REL00021,Bromölla Energi,0.84451945,0.84287342,-0.001646029999999965
REL00023,C4 Elnät,1.0,0.90676988,-0.09323011999999997
REL00024,Carlfors Bruk,,,
REL00025,Degerfors Energi,0.8511381,0.8424789,-0.008659199999999978
REL00029,Övertorneå Energi,0.99360395,0.97945169,-0.014152260000000028
REL00030,Eksjö Elnät,1.0,0.98678358,-0.013216420000000006
REL00031,Emmaboda Elnät,1.0,0.81045835,-0.18954165
REL00033,Halmstads Energi,1.0,1.0,0.0
REL00035,Eskilstuna Energi,1.0,0.92851137,-0.07148863000000005
REL00037,Falbygdens Energi,0.68793001,0.66832317,-0.019606840000000014
REL00038,Falkenberg Energi,0.93343396,0.92146828,-0.011965679999999979
REL00040,Filipstad Energi,0.66934388,0.63997463,-0.029369250000000013
REL00043,Gislaved Energi,1.0,0.99576695,-0.0042330499999999605
REL00049,Grästorps Energi,0.9239045,0.74883809,-0.17506641
REL00062,Göteborg Energi,1.0,1.0,0.0
REL00064,Habo Kraft,0.7070427,0.7059784,-0.001064300000000018
REL00067,Hallstaviks Elverk,1.0,1.0,0.0
REL00072,Herrljunga Elektriska,0.96788731,0.96386845,-0.0040188599999999575
REL00074,Hjärtums Elförening,0.83781333,0.82323706,-0.014576270000000058
REL00075,Hofors Elverk,0.91904768,0.91615266,-0.0028950200000000814
REL00077,Härnösand Elnät,0.75566681,0.75391622,-0.0017505899999999963
REL00078,Härryda Energi,0.60886158,0.60320064,-0.005660940000000059
REL00080,Höganäs Energi,0.85834444,0.83511055,-0.02323388999999998
REL00083,Jukkasjärvi,0.75524415,0.64696405,-0.10828009999999999
REL00085,Jämtkraft,0.67684849,0.67677602,-7.246999999999115e-05
REL00086,Jönköping Energi,0.94983418,0.85586941,-0.09396476999999992
REL00087,Kalmar Energi,0.97441837,0.97408968,-0.00032869000000002035
REL00090,Karlskoga Elnät,0.78887185,0.78549635,-0.0033755000000000868
REL00091,Affärsverken Karlskrona,0.70296276,0.68067338,-0.022289380000000025
REL00092,Karlstads Elnät,0.87188246,0.85081137,-0.02107109000000007
REL00093,Tekniska verken Katrineholm,0.98348635,0.97190851,-0.01157783999999995
REL00098,Kristinehamns Elnät,0.70898639,0.69610469,-0.012881699999999996
REL00100,Kungälv Energi,0.82285426,0.81744333,-0.005410929999999925
REL00103,Landskrona Energi,1.0,1.0,0.0
REL00106,Lerum Energi,0.80366659,0.79311424,-0.010552349999999988
REL00111,Tekniska verken Linköping,1.0,1.0,0.0
REL00112,Ljungby Energi,1.0,1.0,0.0
REL00113,Ljusdal Elnät,0.77965989,0.76744209,-0.012217800000000056
REL00118,Luleå Energi,0.89872004,0.88851655,-0.010203490000000093
REL00121,LEVA i Lysekil,0.8755696,0.869822,-0.005747599999999964
REL00123,Malung-Sälens Elnät,0.77725186,0.77521963,-0.0020322299999999682
REL00126,Mellersta Skånes Kraft,0.67772757,0.67770515,-2.2419999999967466e-05
REL00127,Mjölby Kraft,0.68761921,0.68663523,-0.0009839799999999954
REL00128,Mölndal Energi,1.0,0.99762706,-0.00237293999999999
REL00130,Nacka Energi,0.70115237,0.68631043,-0.014841939999999942
REL00133,Norrtälje Energi,0.83746348,0.82004742,-0.017416060000000066
REL00135,Nossebroortens Energi,0.97053952,0.8198757,-0.15066382
REL00137,Nybro Elnät,0.87665561,0.80841912,-0.06823648999999998
REL00139,Näckåns Elnät,0.77538064,0.76996628,-0.0054143599999999514
REL00141,Nässjö Affärsverk,1.0,0.99166581,-0.008334190000000019
REL00143,Olofströms Kraft,1.0,0.91359594,-0.08640406
REL00144,Olseröds El,0.68516975,0.62717687,-0.057992880000000024
REL00146,Oskarshamn Energi,0.98268341,0.98060069,-0.0020827199999999824
REL00147,Oxelö Energi,1.0,1.0,0.0
REL00148,Partille Energi,0.80785974,0.80452797,-0.003331770000000067
REL00149,PiteEnergi,0.97763682,0.97680743,-0.0008293899999999299
REL00152,Ronneby Miljöteknik,0.72678478,0.71978749,-0.006997290000000045
REL00156,Rödeby Elverk,0.66580907,0.64454849,-0.021260579999999973
REL00157,Sala-Heby Energi,0.9467025,0.94129326,-0.005409239999999982
REL00158,Sandhult-Sandared,1.0,1.0,0.0
REL00160,SEVAB,0.75140362,0.72276363,-0.02863999000000006
REL00163,Sjogerstads El,0.7238676,0.72192141,-0.0019461900000000698
REL00164,Sjöbo Elnät,0.78669484,0.77588094,-0.010813900000000043
REL00167,Skurups Elverk,0.98650801,0.91980448,-0.06670352999999996
REL00168,Skyllbergs Bruk,0.86649804,0.86033427,-0.006163770000000013
REL00169,Skånska Energi,0.93546471,0.91272665,-0.022738060000000004
REL00170,Skövde Energi,1.0,0.96274864,-0.037251359999999956
REL00171,Smedjebacken Energi,0.92037762,0.91841626,-0.001961360000000023
REL00173,Sollentuna Energi,0.9808451,0.98039571,-0.00044938999999999396
REL00175,Staffanstorps Energi,0.78120384,0.72564033,-0.05556351000000004
REL00177,Sturefors El,0.88678083,0.88066235,-0.006118479999999926
REL00178,Sundsvall Elnät,0.78576638,0.76948976,-0.016276619999999964
REL00182,Njudung Sävsjö,0.93137355,0.90671057,-0.02466298
REL00183,Söderhamn Elnät,0.82231184,0.81140839,-0.010903450000000037
REL00184,Södra Hallands Kraft,0.76171992,0.72354038,-0.03817954000000001
REL00185,Sölvesborg Energi,0.8075668,0.79435084,-0.013215960000000027
REL00186,Telge Nät,1.0,0.99670665,-0.0032933499999999727
REL00187,Tibro Elnät,0.88117809,0.87468664,-0.006491450000000065
REL00191,Trollhättan Energi,1.0,1.0,0.0
REL00193,Töre Energi,0.75706454,0.75682245,-0.0002420899999999726
REL00195,Uddevalla Energi,0.9256271,0.91968791,-0.005939189999999983
REL00201,Vallebygdens Energi,0.9953918,0.88058126,-0.11481054000000002
REL00203,Vara Energi,0.86052406,0.84237807,-0.018145990000000056
REL00204,Varberg Energi,0.86708905,0.86363367,-0.003455380000000008
REL00205,Varbergsortens Elkraft,0.70789082,0.69162549,-0.016265330000000078
REL00235,Värnamo Elnät,0.91431488,0.91396042,-0.0003544600000000564
REL00239,Västerviks Elnät,0.93622963,0.93181787,-0.004411759999999987
REL00242,Västra Orust Energi,0.73436724,0.72582735,-0.008539889999999994
REL00243,Växjö Energi,0.82711292,0.82489394,-0.0022189799999999815
REL00244,Ystad Energi,0.7852929,0.78434094,-0.0009519599999999739
REL00246,Ålem Energi,0.72860971,0.71352995,-0.015079759999999998
REL00249,Årsunda Kraft,0.85188623,0.79924067,-0.05264555999999998
REL00255,Östra Kinds Elkraft,1.0,1.0,0.0
REL00257,Övik Energi,,,
REL00267,Mälarenergi,0.87651394,0.85340156,-0.023112380000000043
REL00332,Tidaholms Elnät,0.68398275,0.67781756,-0.0061651899999999316
REL00364,Österlens Kraft,0.80173024,0.80016531,-0.00156493000000002
REL00570,Västerbergslagens Elnät,1.0,1.0,0.0
REL00576,Härjeåns,0.81978481,0.81372836,-0.006056449999999991
REL00584,Umeå Energi,0.81487736,0.7418264,-0.07305096
REL00585,Götene Elförening,1.0,1.0,0.0
REL00590,LKAB Nät,0.70715925,0.64826413,-0.05889511999999997
REL00594,VänerEnergi,0.83682759,0.83277951,-0.0040480800000000094
REL00824,Skellefteå Kraft,1.0,1.0,0.0
REL00885,Gävle Energi,0.90079423,0.89457287,-0.006221360000000065
REL00886,Kraftringen,0.7935473,0.78255153,-0.01099576999999996
REL00899,Kvänumbygdens Energi,1.0,1.0,0.0
REL00904,Öresundskraft,0.8432181,0.8401326,-0.0030854999999999633
REL00936,Njudung Vetlanda,0.91773024,0.87100244,-0.046727799999999986
REL00937,Tranås Energi,0.72484214,0.70924611,-0.015596029999999983
REL00938,Hedemora Elnät,0.70571299,0.65673916,-0.048973829999999996
REL00944,Linde Energi,1.0,1.0,0.0
REL00945,Gotlands Elnät,0.80750987,0.74312897,-0.06438089999999996
REL00958,Vimmerby Energi,0.78746492,0.78734985,-0.0001150699999999949
REL00959,Åsele Elnät,1.0,0.94127234,-0.05872765999999996
REL00965,Sörbylunds Elnät,,,
REL01010,Sandviken Energi,0.79430945,0.7825944,-0.011715049999999949
REL01012,Brittedals Elnät,0.76615878,0.73507761,-0.03108116999999999
REL03009,Dala Energi,0.78311845,0.76022507,-0.022893380000000074
REL03015,Falu Elnät,0.79974798,0.73067811,-0.06906986999999998
REL03016,Vaggeryds Elverk,1.0,1.0,0.0
REL03019,Trelleborgs Elnät,0.70374277,0.70284421,-0.0008985599999999927
REL03028,E.ON,1.0,0.93766163,-0.062338369999999976
REL03030,Vattenfall,0.94444039,0.86610559,-0.07833480000000004
REL03035,Ellevio,0.98089851,0.91890639,-0.061992119999999984
REL03038,Lidköping Elnät,0.96276348,0.92403915,-0.038724329999999973
REL03041,Hjo Elnät,0.82487849,0.82456569,-0.00031280000000000197
REL03042,Skara Elnät,1.0,1.0,0.0
REL03043,Karlsborgs Elnät,0.77882507,0.77858782,-0.00023724999999996665
REL03044,Ulricehamn Energi,0.82306178,0.77764988,-0.04541189999999995
REL03047,Karlshamn Elnät,0.96408022,0.96002403,-0.004056190000000015
REL03049,Alingsås Energi,0.75465443,0.75442099,-0.00023344000000002918
REL03050,Näckåns Elnät (Viggafors),1.0,1.0,0.0
