coalition,subset_mask,REId,eff,eff_bc,bias,var,ci_low,ci_high
baseline,0,REL00001,0.6704317641254423,0.6555099257011003,0.014921838424341916,3.856838843896727e-05,0.6436377127369564,0.6663567104536722
baseline,0,REL00003,1.0,0.8806984932682509,0.11930150673174911,0.00984641075921389,0.7947149289261982,0.9944325858738308
baseline,0,REL00004,0.718038520680049,0.678281850331047,0.03975667034900199,0.00045973687900092937,0.6465602501522605,0.7128562242924514
baseline,0,REL00005,0.7653288030756875,0.7429239017672766,0.022404901308410885,8.669285654379755e-05,0.726582534913793,0.7609449344842757
baseline,0,REL00007,0.7069865386735491,0.6896466325868656,0.017339906086683454,5.4585176904925686e-05,0.6768918990413568,0.7025651856822803
baseline,0,REL00008,0.6433972051355763,0.5878558894918141,0.05554131564376219,0.0026050936992571016,0.5257651141988499,0.6387792682255841
baseline,0,REL00010,0.7221525979474214,0.7025626107122195,0.01958998723520189,6.20987284807502e-05,0.6887667998448974,0.7168197483173119
baseline,0,REL00011,0.6201382237828863,0.6002552352635027,0.019882988519383638,0.00016430620887625993,0.5758995551932301,0.6165063813553244
baseline,0,REL00012,0.7565119467160462,0.73430353531045,0.02220841140559615,0.0001535004994222796,0.7107449577261759,0.7527549588568951
baseline,0,REL00014,0.7002529654587383,0.6522891094498673,0.047963856008870986,0.0011617642278812538,0.6056018282690071,0.695887140559141
baseline,0,REL00015,1.0,0.9265858947766554,0.07341410522334457,0.001209686993978422,0.892618474761588,0.9944808946418615
baseline,0,REL00016,1.0,0.9228345932249544,0.07716540677504558,0.0016902932888569495,0.8737997407459501,0.9936840283879471
baseline,0,REL00017,0.767490332318173,0.7443291580797727,0.02316117423840025,9.916682541049833e-05,0.7282072451104271,0.764350957688619
baseline,0,REL00018,0.8095094405394881,0.7721893633056499,0.037320077233838234,0.0004021103078669885,0.7440239713396235,0.8052545730880185
baseline,0,REL00019,0.8253327563325243,0.8012999779902815,0.024032778342242822,0.00015830916635391833,0.7783723049588437,0.8206486414102361
baseline,0,REL00021,0.842873424885027,0.8075725849545142,0.035300839930512806,0.0003388275695631486,0.778301940989501,0.8378127384171408
baseline,0,REL00023,0.9067698767720803,0.8430425972450418,0.0637272795270385,0.002883639715708786,0.7741291737665821,0.9019957306655426
baseline,0,REL00025,0.8424788991667683,0.8241766356420218,0.01830226352474651,5.234112800596352e-05,0.810826813825334,0.8376859952174391
baseline,0,REL00029,0.9794516911655187,0.9441275771955194,0.03532411396999924,0.00035370227630875773,0.9096001796645469,0.9731304824053455
baseline,0,REL00030,0.9867835804545269,0.944273843009679,0.04250973744484787,0.0004147764920669328,0.9131398398308594,0.9816556709734114
baseline,0,REL00031,0.8104583515028453,0.7433338501566287,0.06712450134621661,0.003098652620158159,0.6735585150656047,0.8046959631692685
baseline,0,REL00033,1.0,0.8633738419199704,0.13662615808002965,0.01711423255356632,0.7716351360206398,0.9928046439783577
baseline,0,REL00035,0.9285113661536383,0.8872710758303347,0.04124029032330356,0.0004163089113872452,0.8537890902881934,0.9228013552951974
baseline,0,REL00037,0.6683231722533838,0.6441293514753578,0.02419382077802601,0.00010948636668810317,0.6269331668343554,0.6633854514593021
baseline,0,REL00038,0.9214682803697258,0.8767967406828222,0.04467153968690363,0.0007277105712973913,0.832022931686589,0.9155092414423307
baseline,0,REL00040,0.639974633910239,0.6133962091164246,0.026578424793814448,0.00015847040182878655,0.5938489478983153,0.6361379834545607
baseline,0,REL00043,0.9957669498096062,0.9498410692719872,0.045925880537619035,0.0007310243626980598,0.9027418806052153,0.9886367713435212
baseline,0,REL00049,0.7488380871536666,0.7053551931757974,0.0434828939778692,0.0008374729715780847,0.6620090388476748,0.7440269484257896
baseline,0,REL00062,1.0,0.9328032011116476,0.0671967988883524,0.0011251863794502486,0.893256270695307,0.9930648237348466
baseline,0,REL00064,0.7059783977450546,0.6874271853707121,0.01855121237434243,5.574132897165104e-05,0.6740084359072458,0.7003573692649243
baseline,0,REL00067,1.0,0.964489981659653,0.03551001834034695,0.0002814287812288936,0.934162931040896,0.9933268800587498
baseline,0,REL00072,0.9638684547778427,0.930319944136882,0.03354851064096065,0.00029684121029718684,0.8994473875438995,0.9573541630705771
baseline,0,REL00074,0.8232370617221132,0.7980481458782086,0.02518891584390459,0.00020625259693038972,0.7707601205643193,0.8180911714173797
baseline,0,REL00075,0.9161526550216063,0.8949861426588405,0.021166512362765788,0.00010312605822324025,0.8746624037005692,0.9105715518517299
baseline,0,REL00077,0.7539162226846027,0.7333334683612294,0.02058275432337331,7.016676802508468e-05,0.718176237441173,0.7480926609411304
baseline,0,REL00078,0.6032006416278825,0.5804509749100989,0.022749666717783557,9.795665803845685e-05,0.5647131723334133,0.5997166491296729
baseline,0,REL00080,0.8351105503125649,0.800622990435664,0.034487559876900886,0.0002328943011230153,0.7761021798871425,0.8307250232823751
baseline,0,REL00083,0.6469640473138369,0.6276578016266904,0.01930624568714656,6.296197321819228e-05,0.6142466474483927,0.642779204803461
baseline,0,REL00085,0.6767760188357516,0.6547452862384521,0.022030732597299485,0.00011752243284271384,0.6343128900274242,0.6721960983151837
baseline,0,REL00086,0.8558694095180361,0.8289717837756522,0.026897625742383968,0.00018551163718897207,0.8057356082674906,0.8502395093449778
baseline,0,REL00087,0.97408967896368,0.9419655978186374,0.032124081145042616,0.0003324603918942419,0.910485032634992,0.9691049206726274
baseline,0,REL00090,0.7854963547314903,0.7486077938642984,0.03688856086719183,0.00041278307328793405,0.7162423741861131,0.7813816567067416
baseline,0,REL00091,0.6806733765796689,0.6516386549332434,0.02903472164642551,0.0003436042092683273,0.6204233426293142,0.6768523134378946
baseline,0,REL00092,0.8508113682641608,0.8215159936957298,0.02929537456843101,0.00024794653149766747,0.7942693138154097,0.8464109459361155
baseline,0,REL00093,0.9719085099217791,0.9344073963234033,0.037501113598375824,0.00029958282574581586,0.9055510504283603,0.9637466350689291
baseline,0,REL00098,0.6961046930002767,0.6801448743533047,0.015959818646971935,4.866669175823682e-05,0.6669304407269168,0.6926643538439459
baseline,0,REL00100,0.8174433343438168,0.8030972250891545,0.014346109254662287,3.3812099227080614e-05,0.7918666205255604,0.8130716019032845
baseline,0,REL00103,1.0,0.9374932035172506,0.06250679648274937,0.0015111636300199772,0.8840814210355382,0.9945017454817547
baseline,0,REL00106,0.793114244884103,0.7579955126941067,0.03511873218999628,0.00032026304314592053,0.7290545005328299,0.7864609922293692
baseline,0,REL00111,1.0,0.9381522118584051,0.06184778814159486,0.0009022704952505749,0.9020370323787839,0.9922364459734979
baseline,0,REL00112,1.0,0.9295751174069713,0.0704248825930287,0.0014921084728557864,0.8808093653014706,0.9937272883082475
baseline,0,REL00113,0.7674420934987238,0.7536664481521614,0.013775645346562393,3.75327578120391e-05,0.7416698887052566,0.7638851778779239
baseline,0,REL00118,0.8885165523592531,0.8600761883566224,0.028440364002630725,0.00018096252686330156,0.8372319327406014,0.8831442596831652
baseline,0,REL00121,0.8698220010023301,0.8535477691367177,0.016274231865612387,4.4352965818424163e-05,0.8407171349814091,0.8646651444662836
baseline,0,REL00123,0.7752196283184739,0.7473776417846165,0.027841986533857388,0.00022671554819108348,0.719206797256149,0.7696920796305786
baseline,0,REL00126,0.6777051481040091,0.6396139073521362,0.03809124075187287,0.00048053452754606246,0.6055132516121676,0.6728052670013079
baseline,0,REL00127,0.6866352264016716,0.6731354333971555,0.013499793004516092,3.181237707377652e-05,0.6615911444225638,0.6829053741177036
baseline,0,REL00128,0.9976270631280391,0.9590119841879389,0.03861507894010019,0.0004258498524367328,0.9244160468949525,0.9914051559675626
baseline,0,REL00130,0.6863104271827116,0.6522069328681204,0.034103494314591254,0.00032718786324905725,0.6240958632529611,0.6822885423703432
baseline,0,REL00133,0.820047421803544,0.7932640308717309,0.026783390931813034,0.0001716684262193679,0.7709892917743991,0.8156344002168922
baseline,0,REL00135,0.8198756977192246,0.7871116234342129,0.03276407428501171,0.00034483677787050006,0.7546013652378706,0.8152796775539872
baseline,0,REL00137,0.8084191221079746,0.7743314748244701,0.03408764728350455,0.00043863656932909684,0.7387069930327844,0.8044923302160277
baseline,0,REL00139,0.7699662848217085,0.7345118552151635,0.03545442960654499,0.0003029927489864389,0.7050625167030408,0.7646495303395205
baseline,0,REL00141,0.9916658104378253,0.952975233185909,0.03869057725191627,0.0004017441172539519,0.9191985799320608,0.9843476679198614
baseline,0,REL00143,0.9135959391460771,0.862406867529112,0.051189071616965065,0.0008910002421327954,0.8147593480321034,0.9074694245222487
baseline,0,REL00144,0.6271768675074338,0.590458496550414,0.0367183709570198,0.00047770853249509205,0.5643889776147273,0.6236946816137909
baseline,0,REL00146,0.9806006884537207,0.9336795301914287,0.04692115826229204,0.0007384249041591854,0.888101851299667,0.9753261201321983
baseline,0,REL00147,1.0,0.9451896754405977,0.05481032455940227,0.0006957072918192694,0.9079371409696639,0.9918353591734561
baseline,0,REL00148,0.804527965269199,0.7839872223529679,0.02054074291623109,0.00010093983276676558,0.7642415094875528,0.7989489140036308
baseline,0,REL00149,0.976807431861328,0.9459623478921036,0.030845083969224363,0.00016438911750152178,0.9245220207400022,0.9701504978068927
baseline,0,REL00152,0.7197874885227005,0.6795829235833442,0.04020456493935631,0.0004940876029408192,0.646160357828365,0.7153239336726999
baseline,0,REL00156,0.6445484919741346,0.6229038018124272,0.021644690161707336,0.00012596753240742557,0.6039483142080418,0.6412425048640648
baseline,0,REL00157,0.9412932617696005,0.9202792142615112,0.02101404750808933,8.4220748619637e-05,0.902139174513771,0.9369910250895651
baseline,0,REL00158,1.0,0.9491783167078017,0.05082168329219827,0.000506355864889005,0.9165999626829224,0.993811207513344
baseline,0,REL00160,0.72276363476606,0.7078648480125843,0.014898786753475668,4.287047356404073e-05,0.6955189242924095,0.7191756972389495
baseline,0,REL00163,0.7219214104786439,0.7078067598090173,0.014114650669626583,4.7799418098487175e-05,0.6935516129740137,0.7181609234682031
baseline,0,REL00164,0.7758809440295278,0.7522292658212956,0.02365167820823222,0.00010050809343181985,0.7349070486725742,0.7719044031596702
baseline,0,REL00167,0.9198044813879745,0.8828296130410276,0.036974868346946965,0.0004699395431716289,0.8446785142330848,0.912652738242525
baseline,0,REL00168,0.8603342720008835,0.7878528379956729,0.07248143400521068,0.004731597411698922,0.7075148111242964,0.8547765039174714
baseline,0,REL00169,0.9127266546111832,0.8913539049715118,0.021372749639671396,7.948597805318792e-05,0.8745791917926541,0.9077930472088405
baseline,0,REL00170,0.9627486438402189,0.9363362753690836,0.02641236847113526,0.00016449237355785243,0.9122901324470297,0.9564720061278866
baseline,0,REL00171,0.9184162593893603,0.891593813569382,0.02682244581997828,0.00010237252196770832,0.874935819999123,0.9120483097124207
baseline,0,REL00173,0.9803957089121854,0.9473810662996707,0.033014642612514744,0.0004106332534334826,0.9101426254870459,0.9750887190463718
baseline,0,REL00175,0.72564032511755,0.6924842486199015,0.0331560764976484,0.0002502287644342516,0.667149480366262,0.7208606672517209
baseline,0,REL00177,0.8806623521316034,0.8217305044542196,0.0589318476773838,0.001844659751320501,0.7579344034514265,0.8752079249486324
baseline,0,REL00178,0.7694897579475222,0.7377496086584502,0.031740149289071984,0.0002674401584827937,0.7126948335051011,0.765042814035274
baseline,0,REL00182,0.9067105693376128,0.8819445749615598,0.02476599437605309,0.00010315422395559595,0.8635286038020247,0.9006550755825988
baseline,0,REL00183,0.8114083921040205,0.789015075918752,0.02239331618526852,0.00010099078348190444,0.771487278039391,0.806937067969416
baseline,0,REL00184,0.7235403816180876,0.709033932519623,0.014506449098464658,3.577480808853762e-05,0.6975589567900605,0.7192427846886895
baseline,0,REL00185,0.7943508420957194,0.7745225556575086,0.019828286438210774,8.043432413642974e-05,0.7590434321208126,0.7908440037256679
baseline,0,REL00186,0.996706647415034,0.9556140604020105,0.04109258701302354,0.0003763096418247569,0.9266200892176726,0.9906119168985641
baseline,0,REL00187,0.8746866394294041,0.8547486161342268,0.019938023295177243,6.450377215750685e-05,0.8390257905336658,0.8683090439934339
baseline,0,REL00191,1.0,0.9640277644201025,0.03597223557989748,0.0001713468227536783,0.9434585423118272,0.9944018416417963
baseline,0,REL00193,0.7568224503424916,0.7348120526536259,0.0220103976888657,0.00010470825158701388,0.7161495754054658,0.7529239174880847
baseline,0,REL00195,0.919687910708302,0.8917944830920678,0.027893427616234256,0.00016446454707845246,0.8695219717176611,0.9142712391039752
baseline,0,REL00201,0.8805812591360068,0.8453902075812335,0.03519105155477331,0.0005951563592385821,0.8033017656276754,0.8764855413575905
baseline,0,REL00203,0.8423780661208182,0.8206426759091561,0.021735390211662153,9.096639393641635e-05,0.8029387056184555,0.8371282808534806
baseline,0,REL00204,0.863633668702835,0.8428728970265884,0.02076077167624657,8.798659511227532e-05,0.8257628969845517,0.8589017652654316
baseline,0,REL00205,0.6916254925559325,0.6684017187513178,0.02322377380461471,0.0001542757564339317,0.6458613271981474,0.686453620986466
baseline,0,REL00235,0.9139604196071609,0.8655845701090346,0.048375849498126344,0.0005992516445862886,0.8320512330936195,0.9083876707578098
baseline,0,REL00239,0.9318178709481574,0.9089147631604687,0.02290310778768867,9.26466707858522e-05,0.8917288422097347,0.9261152621686268
baseline,0,REL00242,0.7258273496097251,0.703537116693135,0.022290232916590047,9.173763017974978e-05,0.686634409101027,0.7215244674153516
baseline,0,REL00243,0.8248939419022374,0.7985366081070675,0.026357333795169913,0.00021791396799625992,0.7705508011240252,0.8195404431959205
baseline,0,REL00244,0.7843409350058054,0.7637787366000865,0.020562198405718823,8.266270947781752e-05,0.7477364176510604,0.7797426030812982
baseline,0,REL00246,0.7135299522010691,0.6997353558539345,0.013794596347134536,3.7691915057613235e-05,0.6880611304407096,0.7097739425140528
baseline,0,REL00249,0.7992406683526013,0.7775055996046341,0.021735068747967268,0.000130573015119837,0.7549964963027057,0.7939121248753919
baseline,0,REL00255,1.0,0.9022292150553612,0.09777078494463876,0.004158388722638838,0.8363021131173141,0.993726990940947
baseline,0,REL00267,0.8534015632007215,0.81011725414022,0.043284309060501513,0.0004674179551754918,0.7803027096947309,0.8483508703416158
baseline,0,REL00332,0.677817564329467,0.6590043247735544,0.01881323955591263,7.317478264849647e-05,0.6440367401765675,0.6738954975885886
baseline,0,REL00364,0.800165312538609,0.7727876504462506,0.027377662092358368,0.00012459084803959135,0.7536802241851052,0.7949399749479114
baseline,0,REL00570,1.0,0.9045752451842834,0.09542475481571655,0.0055549321216567206,0.8240334156325632,0.9920886275608942
baseline,0,REL00576,0.8137283649236602,0.7749431192157081,0.038785245707952054,0.0006064434807360584,0.7310385044365173,0.8091300397945752
baseline,0,REL00584,0.7418263978683857,0.7024427246036975,0.03938367326468817,0.0005527823142366725,0.6679418303940233,0.7376334775550797
baseline,0,REL00585,1.0,0.8797499101947576,0.12025008980524243,0.010371212106193283,0.7844032388006873,0.9934134526590631
baseline,0,REL00590,0.6482641276369032,0.6037059961302635,0.044558131506639675,0.0012504442269592841,0.5552050602080966,0.643827716620014
baseline,0,REL00594,0.8327795085101287,0.8089486654033275,0.02383084310680117,0.00012620763185202863,0.7888424414745322,0.8268408540405399
baseline,0,REL00824,1.0,0.9616622169413768,0.03833778305862323,0.00023878782629038902,0.9374614170989615,0.9945204337364355
baseline,0,REL00885,0.8945728710097738,0.8717087814799352,0.022864089529838538,0.00011541609021689322,0.8532169491701349,0.8898968385375425
baseline,0,REL00886,0.7825515332480101,0.7531969869813993,0.029354546266610826,0.0001820135224798786,0.7319023031137818,0.7775041722267443
baseline,0,REL00899,1.0,0.8719595955327093,0.1280404044672907,0.014575784526222336,0.7723734160278282,0.9931454354546319
baseline,0,REL00904,0.8401325994390013,0.7983239858140333,0.041808613624968016,0.00041130608919797025,0.7681677863286368,0.8356517191854169
baseline,0,REL00936,0.8710024359647657,0.823099773201272,0.04790266276349364,0.000766532146816246,0.784086679457121,0.8657229534594726
baseline,0,REL00937,0.7092461052199783,0.6861258112316796,0.023120293988298735,0.00012998132678716443,0.6660964437191681,0.7049115532046876
baseline,0,REL00938,0.6567391598935901,0.6364849091063963,0.020254250787193784,7.173063368413868e-05,0.6215659777391852,0.6517535339873064
baseline,0,REL00944,1.0,0.9144615490387435,0.08553845096125645,0.004110482626218028,0.8332459100917758,0.9930363380989915
baseline,0,REL00945,0.743128970801138,0.7154449864023695,0.027683984398768513,0.00023647790137826645,0.6877220576901414,0.7378330268583889
baseline,0,REL00958,0.7873498462630313,0.7508289801378802,0.03652086612515104,0.0004704467398304304,0.7131659889174539,0.7824904202791501
baseline,0,REL00959,0.9412723425803894,0.9194367651695398,0.021835577410849627,0.00012416001158593198,0.8960587180895915,0.9358360499623956
baseline,0,REL01010,0.7825943997578313,0.7559310970210702,0.026663302736761096,0.0001485043244626084,0.7354700150514017,0.7773301795316586
baseline,0,REL01012,0.7350776072265989,0.7020409179269573,0.03303668929964154,0.0002585831645910018,0.674711546538945,0.7289793281173069
baseline,0,REL03009,0.7602250696063441,0.7464834235416463,0.013741646064697743,2.9821015856559258e-05,0.7356394062935948,0.756158241983391
baseline,0,REL03015,0.7306781068881034,0.7163731865765421,0.014304920311561276,3.3604627904065994e-05,0.7051624787741408,0.7264891709403535
baseline,0,REL03019,0.7028442117049266,0.6825840888298518,0.020260122875074837,9.150718841499087e-05,0.665529756205942,0.698718593904797
baseline,0,REL03028,0.9376616348395009,0.9160562314258227,0.021605403413678226,9.391009479252204e-05,0.8974349929069702,0.9323540387410595
baseline,0,REL03030,0.8661055859363034,0.8414525395108271,0.024653046425476277,0.00012914340471731857,0.8224738022286877,0.8617229319980658
baseline,0,REL03035,0.9189063893428077,0.8925316462493783,0.026374743093429354,0.00013247608601725676,0.8724179707277104,0.91435786425923
baseline,0,REL03038,0.9240391481338268,0.8945225653962732,0.029516582737553643,0.00024634369422934984,0.8655270926630075,0.9188264627899633
baseline,0,REL03041,0.8245656922991875,0.8012054432912086,0.02336024900797895,8.903448928273893e-05,0.7855963809162229,0.8206960627078989
baseline,0,REL03042,1.0,0.9292173778778599,0.07078262212214015,0.0013955885777694708,0.8857637910125996,0.9945693827068656
baseline,0,REL03043,0.7785878206750936,0.7634622907336398,0.015125529941453775,3.8319977758192624e-05,0.7512091729824111,0.7740272069409212
baseline,0,REL03044,0.7776498766665391,0.746974746424315,0.030675130242224014,0.00021477624347826264,0.7237695547968,0.7732914635080311
baseline,0,REL03047,0.9600240348156699,0.9338481969231711,0.026175837892498777,0.0002354076777802853,0.9044482751258754,0.9554698148194121
baseline,0,REL03049,0.7544209854562812,0.736550829225589,0.017870156230692213,6.925550418945584e-05,0.7214229606031843,0.750454426872492
baseline,0,REL03050,1.0,0.9259432776933764,0.07405672230662363,0.0013882953136061468,0.8860885165565627,0.9933754720844122
full,127,REL00001,0.6945019664161165,0.667028823329219,0.027473143086897522,0.00013681235062427933,0.6492836216083333,0.689250202769467
full,127,REL00003,1.0,0.8857139729048018,0.1142860270951982,0.007998375561706688,0.8040415639274108,0.9929709847881145
full,127,REL00004,0.7761743588499608,0.7312638155314082,0.0449105433185526,0.0005709110778317955,0.696581907490687,0.7709356673401248
full,127,REL00005,0.837850635074361,0.8062844764373859,0.031566158636975095,0.00017511322853807758,0.7861699402045896,0.8324276410163257
full,127,REL00007,0.7137341533724705,0.6872236539911879,0.026510499381282582,0.00012815695358626714,0.6696168342064217,0.7089423229055788
full,127,REL00008,0.8244703765002716,0.7686753927980783,0.05579498370219327,0.0013338433029913355,0.7189798216845459,0.81941645769828
full,127,REL00010,0.8289452772264821,0.7990970188713477,0.029848258355134494,0.00017874896358209777,0.7770250262175248,0.8235637986730557
full,127,REL00011,0.7330420397633127,0.6976412119892335,0.03540082777407927,0.0005479914939463572,0.659259361069763,0.730607484887752
full,127,REL00012,0.7627453980453927,0.7190959384209592,0.04364945962443345,0.0007606577545994941,0.6795279307550192,0.757185779361009
full,127,REL00014,0.9066046590635263,0.8524494827629494,0.05415517630057687,0.0009230725486755991,0.8101830619398908,0.9011897399082349
full,127,REL00015,1.0,0.8955903340758856,0.10440966592411438,0.003872947660697935,0.8481307709713624,0.992520358753321
full,127,REL00016,1.0,0.9014861175790534,0.09851388242094661,0.0032916488444765736,0.8476122225386339,0.9953846076127607
full,127,REL00017,0.7523797552823489,0.7199444072536179,0.03243534802873105,0.00021341969722555522,0.698435178344036,0.7471878066979325
full,127,REL00018,1.0,0.9561699964453578,0.04383000355464217,0.00038148593187223865,0.925063766407293,0.9909508266177667
full,127,REL00019,0.9414771836356141,0.913152182294904,0.028325001340710032,0.0002187525240499977,0.8854028829345189,0.9354584828198232
full,127,REL00021,0.7825369312211288,0.7404827773941618,0.04205415382696698,0.0003749936293875275,0.7140800636090701,0.777231520298816
full,127,REL00023,0.7897133520904168,0.7357860054814995,0.05392734660891729,0.001472556736070598,0.6885784485990597,0.784631269100018
full,127,REL00025,0.8666321258823311,0.834884864038571,0.03174726184376009,0.00015431009315324852,0.8148093651670079,0.8614516860331226
full,127,REL00029,0.8638315446872483,0.8231449855545684,0.040686559132679934,0.0006300800753576086,0.779838138445548,0.8570375642527103
full,127,REL00030,0.8149081370474389,0.7786560972073264,0.03625203984011249,0.00031530307604887766,0.7488138171269725,0.810522367506145
full,127,REL00031,0.6359529164270687,0.5847395317381396,0.05121338468892911,0.0014614092804249186,0.537873665853814,0.63054885758082
full,127,REL00033,1.0,0.8708184668752835,0.12918153312471647,0.011631854241388528,0.7893310436974305,0.9913515747209822
full,127,REL00035,0.9549554746227878,0.9008881538207549,0.054067320802032914,0.0007736508501887453,0.8604938907490868,0.9491644942489507
full,127,REL00037,0.6869441848323528,0.6566400834323655,0.030304101399987293,0.00026573324206036723,0.6300984512157463,0.6818414399076221
full,127,REL00038,0.8805432829512626,0.8352014973137138,0.04534178563754876,0.0005580607005710844,0.7984464325201528,0.8746186985082393
full,127,REL00040,0.7139748574857948,0.6802889343405346,0.0336859231452602,0.00023051464576197598,0.6577186687605877,0.7091321835672109
full,127,REL00043,0.9622689752484335,0.9125582798730796,0.049710695375353886,0.0007594271157908276,0.8685594641622367,0.956322608813228
full,127,REL00049,0.8637393186348901,0.80393678932689,0.05980252930800012,0.0014077053365657785,0.7515909941615336,0.8565830873075185
full,127,REL00062,1.0,0.9164721792100399,0.08352782078996013,0.0021151081487580394,0.866899915078458,0.992746614233826
full,127,REL00064,0.6889095305567626,0.6513477533886378,0.03756177716812481,0.00033721501798392384,0.6270862100079503,0.6839052180612878
full,127,REL00067,0.7047805698550306,0.6742521460418716,0.03052842381315901,0.0002321523875866404,0.6496122109700824,0.6991616973552024
full,127,REL00072,0.8250591138667709,0.7857979659941782,0.03926114787259272,0.0005235118441633812,0.7491686936332851,0.8218871169299018
full,127,REL00074,0.8317511893225189,0.8061714255690791,0.025579763753439844,0.00021475181696045014,0.7751710559430175,0.8250148384204291
full,127,REL00075,1.0,0.9681005769460689,0.03189942305393112,0.00015948334017063927,0.9460054454532488,0.9928044450352521
full,127,REL00077,0.7915689298904918,0.7492099728816856,0.04235895700880621,0.00040438620792175193,0.7210898901986184,0.7845639764603224
full,127,REL00078,0.6416210100429822,0.6091371291826922,0.03248388086028997,0.0002040551935475665,0.588618559293255,0.6365502603970464
full,127,REL00080,0.77575978454252,0.7449580985002463,0.030801686042273735,0.0001899562258956154,0.7230424785654033,0.7712583949591404
full,127,REL00083,0.699445135124162,0.6470783004789883,0.052366834645173665,0.0015161040192429643,0.6059619331210054,0.6966828214386074
full,127,REL00085,0.8053909323999162,0.7643134174830444,0.04107751491687184,0.00043015020869118756,0.7322040109284145,0.8000048177684801
full,127,REL00086,0.8527031364495471,0.8054837137413122,0.04721942270823487,0.0005490523460906905,0.7750437572017651,0.8474694725986552
full,127,REL00087,0.9353110674866326,0.8901894636692985,0.0451216038173341,0.0006377657882931288,0.8501152129799284,0.9280781011116499
full,127,REL00090,0.8014011828857049,0.7540490300832167,0.04735215280248828,0.0005351976271730514,0.7217317394629091,0.794763157968708
full,127,REL00091,0.6893126826027579,0.6502666197423765,0.03904606286038137,0.00038072585425198317,0.6247756042255678,0.6842083852201942
full,127,REL00092,0.9532506317733471,0.9029729957374397,0.0502776360359074,0.0005588537593977407,0.8653167921476558,0.9457919405370017
full,127,REL00093,0.9341468628913482,0.8928442289053706,0.041302633985977555,0.0004556720809873226,0.8566175443364333,0.9257930384914581
full,127,REL00098,0.6587978684292249,0.6302370764710314,0.0285607919581935,0.0001480555796990085,0.6117790667608723,0.6546963195607606
full,127,REL00100,0.8579679494105892,0.8244532841809696,0.033514665229619545,0.00020715057479009513,0.8014607168824592,0.8515776412185265
full,127,REL00103,0.8883443873507711,0.8295853753613635,0.058759011989407695,0.0012050499203530068,0.7808792118477885,0.8815702505217595
full,127,REL00106,0.8661401133460038,0.8173335444747936,0.048806568871210265,0.000656391361051565,0.781091544236941,0.8586242540439926
full,127,REL00111,0.9721453889004714,0.9224504577273289,0.0496949311731425,0.0007294479365840331,0.8857474152285633,0.9658881174136674
full,127,REL00112,0.8511065327307968,0.806638388639363,0.04446814409143385,0.0005866296412399322,0.7664529526594283,0.8449005567639208
full,127,REL00113,0.8422721320009212,0.8049866199601173,0.03728551204080388,0.00029126730973125107,0.7792407887409682,0.8362821408327868
full,127,REL00118,1.0,0.9338371214385847,0.06616287856141534,0.0008589814908207213,0.9023805112679651,0.993335409784627
full,127,REL00121,0.7750666410223783,0.7488970733909567,0.026169567631421642,0.00010926891316806432,0.731857150754032,0.7702363229210165
full,127,REL00123,0.5095837593093271,0.4802362137336946,0.029347545575632517,0.000209159416853882,0.459208748866922,0.5051963091339038
full,127,REL00126,0.725533475468527,0.6981856441677982,0.02734783130072882,0.0003508317999153439,0.6601930386104617,0.7204400227724962
full,127,REL00127,0.7549797749344879,0.7222329373637745,0.032746837570713394,0.00025930458386629095,0.697195626390129,0.7484352500283091
full,127,REL00128,0.9674784382428413,0.9138339507199952,0.05364448752284612,0.0008193471216644703,0.8727508775453543,0.9595502299504104
full,127,REL00130,0.7543436696701087,0.7168444185709294,0.03749925109917929,0.00035699882570364985,0.6882850607154173,0.7487006613399663
full,127,REL00133,0.7181279121799178,0.6824117088770149,0.03571620330290293,0.00032423951842215995,0.6552405494196687,0.7135947300182895
full,127,REL00135,0.6502175762879258,0.6168922621597832,0.03332531412814255,0.00031889073753650594,0.5878691888081542,0.6448054133484165
full,127,REL00137,0.7686278287935404,0.7298545982628022,0.03877323053073822,0.0005172390510876506,0.695732034702198,0.7639783497689301
full,127,REL00139,0.7857495538215368,0.7426626153603231,0.0430869384612137,0.0005108615329927521,0.7091166055172611,0.7807363558562871
full,127,REL00141,0.859489632357076,0.8212882631146202,0.03820136924245576,0.0003595180741558952,0.7899859130824427,0.8526772337259274
full,127,REL00143,0.8980837517970233,0.8441023893665442,0.05398136243047902,0.0008838934081443098,0.8015925425953331,0.8916896204571
full,127,REL00144,0.6869066455021245,0.6521954218105251,0.0347112236915994,0.0003297432689305405,0.6244077085447174,0.6827616801912548
full,127,REL00146,0.8916340035033786,0.847542727033449,0.04409127646992961,0.0006170129906906293,0.8063713100292016,0.8852434961856086
full,127,REL00147,1.0,0.8858944974982513,0.11410550250174867,0.005638409697160837,0.8348811686545221,0.9904070339423049
full,127,REL00148,0.8951543676322162,0.8583497405862283,0.03680462704598797,0.0003191495048118886,0.8297016392486843,0.8877886659004584
full,127,REL00149,1.0,0.908565749763361,0.09143425023663898,0.0025886238826730726,0.8644293998958844,0.9923655279387641
full,127,REL00152,0.7789453534239844,0.7363826957432542,0.0425626576807302,0.00047370089949141464,0.7035111700338825,0.7738516294460251
full,127,REL00156,0.7265916870355817,0.700995761443858,0.025595925591723745,0.000249906396766844,0.670938443918463,0.7218495970841103
full,127,REL00157,0.9298397682883212,0.9061095767224668,0.02373019156585432,0.00010569533644631514,0.8872548311866654,0.924250936029098
full,127,REL00158,0.9010513713865711,0.864646109145503,0.036405262241068104,0.00031556108877153354,0.8339116328328803,0.8944247655895496
full,127,REL00160,0.6675385969192941,0.6423138729824437,0.02522472393685038,0.0001393512040310804,0.6233988448340605,0.6633162797598173
full,127,REL00163,0.6440620344646709,0.6148067415572998,0.029255292907371166,0.0002571628199756505,0.5891862229855671,0.6398593439822096
full,127,REL00164,0.8934486556133306,0.8410927707944921,0.05235588481883857,0.0011224659573178036,0.7943783357427519,0.8901190122277679
full,127,REL00167,0.7176388422398511,0.6825290848187666,0.035109757421084464,0.000368817875991787,0.6533940421463492,0.7129875962226169
full,127,REL00168,0.986781792619733,0.9053950135122499,0.08138677910748304,0.005034941494144955,0.8232235939554898,0.9801447107716968
full,127,REL00169,0.8008050733835573,0.7640887273377553,0.036716346045801984,0.00029063573395820815,0.7385369760281068,0.7950851065147658
full,127,REL00170,0.958801726965616,0.9302383377415031,0.028563389224112945,0.00020312780647364814,0.9049224069165998,0.9524824530171773
full,127,REL00171,0.9044439820061075,0.8688667149833047,0.03557726702280284,0.00020802329377342147,0.8473457124840208,0.8976311953794662
full,127,REL00173,0.9753304238859443,0.9293972015009179,0.045933222385026395,0.0006470438849771504,0.8909546222610155,0.9690495123303398
full,127,REL00175,0.5631114661362469,0.5293469741632202,0.03376449197302667,0.00027892917638572083,0.5062101312638478,0.5596767955857732
full,127,REL00177,0.925266705281078,0.8701930302400048,0.05507367504107319,0.0010891729758722452,0.8251681441737118,0.9194269262794378
full,127,REL00178,0.9436340900905689,0.902139497213131,0.04149459287743784,0.00046383793939638976,0.8677950297782892,0.9383181089529666
full,127,REL00182,0.7220826491602177,0.6839391973476447,0.03814345181257295,0.0003130807299429946,0.6590966522402044,0.7167714950008715
full,127,REL00183,0.9426078056477184,0.9111686878006824,0.03143911784703601,0.00020983624131971077,0.8878055580383798,0.9356780939005889
full,127,REL00184,0.6804206702331054,0.649201287303842,0.031219382929263406,0.0001926930267803603,0.6283077848883498,0.6760538189578349
full,127,REL00185,0.6646203280355711,0.6446968108970491,0.01992351713852203,8.119789955282627e-05,0.6293615198518623,0.6610012172963777
full,127,REL00186,1.0,0.9231896303081348,0.07681036969186517,0.0012924283874850503,0.8891497088691827,0.9932936640645947
full,127,REL00187,0.8275159015851491,0.7991815577208208,0.028334343864328315,0.00015260223388937033,0.7784772996169336,0.8215188609124885
full,127,REL00191,0.9278261713094716,0.8922381777229311,0.03558799358654052,0.00020843324203436385,0.8692589346760903,0.9214575417360967
full,127,REL00193,0.9659650272091496,0.9271921866316677,0.03877284057748187,0.0009243403119959924,0.8720816197237193,0.9636328938393112
full,127,REL00195,0.9432062012814934,0.9072695900568598,0.03593661122463354,0.00023631458030502127,0.8824219087515699,0.9360500284086789
full,127,REL00201,0.8594922945155403,0.808202393847469,0.051289900668071375,0.0011918581503935345,0.7556299659859415,0.8535264132468656
full,127,REL00203,0.6981836271116297,0.6641400280429293,0.03404359906870047,0.00035098011013935237,0.6375368465731256,0.6924440882906162
full,127,REL00204,0.8779317445738991,0.8391385046798061,0.038793239894093,0.0002808885491325695,0.8141263468249503,0.8718126565540991
full,127,REL00205,0.6968611955343891,0.6557957938887432,0.04106540164564587,0.0006494107123919922,0.6194816440228448,0.6918993494377984
full,127,REL00235,0.7798495551309226,0.7405092695808004,0.039340285550122145,0.00046180348558790056,0.7091812243644179,0.7749572169774904
full,127,REL00239,0.9627854941250683,0.9269314820573283,0.03585401206773997,0.00025657134970752843,0.9026443337306012,0.9559038546519079
full,127,REL00242,0.7039429366194861,0.6740312226832114,0.029911713936274786,0.00018168104295501853,0.6535844459335597,0.698965819966848
full,127,REL00243,0.8163496786036489,0.7766932442151844,0.039656434388464556,0.0005267003017801791,0.7414195617314326,0.809979976944293
full,127,REL00244,0.743373853253823,0.7168578131823194,0.026516040071503544,0.0001283908068473343,0.6979788189423312,0.7375069669152452
full,127,REL00246,0.7017481155521199,0.6730823808403871,0.028665734711732838,0.0001857717937935167,0.652213056720197,0.6970494167188054
full,127,REL00249,0.7199535487071114,0.7002753721907876,0.019678176516323753,8.040086554948781e-05,0.6831440387214045,0.7153070063026274
full,127,REL00255,0.9758028406763124,0.9173197371334821,0.05848310354283026,0.0010981483822383143,0.8673086635897722,0.9684648633762529
full,127,REL00267,0.8787468327008096,0.8289669926216658,0.04977984007914371,0.0007904103491742835,0.7945312383905425,0.8752070359592466
full,127,REL00332,0.7312273049119659,0.6937207165023603,0.037506588409605524,0.0003851933528799709,0.6663624090100786,0.7278068015377539
full,127,REL00364,0.6763534994898475,0.6473570207042839,0.02899647878556355,0.00015664619768960067,0.6292532212573452,0.6723229286436697
full,127,REL00570,1.0,0.8697901795676745,0.13020982043232554,0.011967782367569478,0.7854441359756694,0.9934262270077794
full,127,REL00576,0.9189597576964315,0.8577740657602246,0.06118569193620682,0.001437256397242201,0.8106006720732243,0.9121673149930698
full,127,REL00584,1.0,0.9277170907074239,0.07228290929257608,0.001315684095746224,0.8851790242624692,0.9937992517540143
full,127,REL00585,1.0,0.8961582068487257,0.10384179315127429,0.006567079753739324,0.8046928552113417,0.9921739292101432
full,127,REL00590,0.8494587364476923,0.7877219176726075,0.061736818775084856,0.0020218138444433494,0.7279183521728324,0.8416529580887728
full,127,REL00594,0.82860724877202,0.8009127274322709,0.027694521339749034,0.00016206146934008437,0.7788379658660347,0.8233358750824291
full,127,REL00824,1.0,0.9024570996656133,0.09754290033438673,0.0032658237003929226,0.8540195506026633,0.9931236543097873
full,127,REL00885,1.0,0.947313296572665,0.05268670342733495,0.00042748443682122215,0.9193894043205839,0.9920577421726742
full,127,REL00886,0.7259424416824609,0.6896461957933894,0.03629624588907154,0.00031301606309246897,0.6671459909817624,0.7207749982212488
full,127,REL00899,1.0,0.8888623439950859,0.1111376560049141,0.005232518126510541,0.8284307497732383,0.9933907598811565
full,127,REL00904,0.7835093821288791,0.7392709482048402,0.04423843392403892,0.0005086760191134872,0.7072161874859444,0.7776976601480531
full,127,REL00936,0.8002916150202565,0.7563959627477691,0.04389565227248737,0.0005243516114179511,0.7236456404934861,0.7945012098136721
full,127,REL00937,0.762859919258246,0.7351013833261323,0.027758535932113748,0.00017152615375917808,0.7137897883674289,0.7584961498267947
full,127,REL00938,0.6777073455078637,0.6575800590996329,0.020127286408230805,0.0001188948781700084,0.6379091466358802,0.6742517211767257
full,127,REL00944,1.0,0.9257924496198113,0.07420755038018867,0.002968427946844372,0.850502787127172,0.9922442300329077
full,127,REL00945,0.8376229946765764,0.7905999526593837,0.04702304201719276,0.0007133259356705185,0.7500760095892713,0.8303007745999667
full,127,REL00958,0.7402775017329551,0.6957647782106513,0.04451272352230384,0.0005654082948649616,0.6614508595108451,0.7342082696373573
full,127,REL00959,0.8431704177815939,0.8195440222495538,0.023626395532040045,0.00014151310313125995,0.7954814647506139,0.8370145567530808
full,127,REL01010,0.8331454540575247,0.8008642383893281,0.03228121566819664,0.0002623952328030931,0.7755933543925874,0.8268683597156057
full,127,REL01012,0.6567984363101528,0.6137266520434591,0.04307178426669367,0.000695889370116492,0.5797223857383389,0.6523593801341272
full,127,REL03009,0.7898604971420297,0.7537380792524547,0.03612241788957493,0.00026362685750064947,0.7302894650181168,0.7842545372723916
full,127,REL03015,0.7916184344969884,0.7616579387420801,0.029960495754908334,0.00015276090323778415,0.7425924283470744,0.7868966672919796
full,127,REL03019,0.6793557601331991,0.6568954218961601,0.022460338237038968,9.766455299111706e-05,0.6392852769062575,0.67461108519603
full,127,REL03028,0.8505325960440392,0.8106096304649858,0.03992296557905339,0.0003737767158347044,0.7834998641340699,0.8442707309918157
full,127,REL03030,0.8152246437540636,0.7920979196441624,0.02312672410990113,0.0001263646886672594,0.7707564069024395,0.8094466911412403
full,127,REL03035,0.8608990625805737,0.826831526679999,0.03406753590057465,0.00020155338175255357,0.8051642090260308,0.8562380029320208
full,127,REL03038,1.0,0.9295264555422292,0.07047354445777076,0.0010517587481560892,0.8912945665407352,0.9914245298756714
full,127,REL03041,0.7722356838520207,0.7436875957395181,0.028548088112502534,0.0001409646355389647,0.7259923495918331,0.7662537016943775
full,127,REL03042,0.9137829367209136,0.8649097576624681,0.04887317905844546,0.0006286816067883955,0.8280983291821308,0.9068333946048482
full,127,REL03043,0.737569712236115,0.7110025154905564,0.02656719674555863,0.0001281468606188339,0.6918870190425993,0.7318037966840799
full,127,REL03044,0.7917244681628811,0.7497295196266078,0.04199494853627328,0.00038076523337149875,0.722308905580243,0.786095886410755
full,127,REL03047,0.7981409902947929,0.7638865251055031,0.03425446518928976,0.0003795770438408248,0.7328293449655343,0.7924932083475554
full,127,REL03049,0.7735456460691639,0.7481738262978768,0.025371819771287107,0.00011333933582054393,0.7301421629393018,0.7689376253160997
full,127,REL03050,0.9265549008862385,0.9036213276064791,0.022933573279759423,0.00015988573786897517,0.8781305544232644,0.9221618345225021
