subset_mask,players,e75,max_abs_d_eff,max_abs_d_req
0,(baseline),0.9385643117746976,4.994199942487398e-09,5.758988849691171e-08
1,losses,0.926838657266047,4.996579372473775e-09,4.829289197184894e-08
2,grid_subscription,0.9014034591686062,4.975532874595956e-09,3.6034575323640183e-08
4,grid_connection,0.9396496068201846,4.999100577940396e-09,4.199902653434506e-08
8,feed_in,0.9476488983218783,4.979495482615448e-09,4.089368849102826e-08
16,capacity_reserve,0.9341814888562169,4.994195834662207e-09,3.94579924706262e-08
32,capex_adj,0.9476367985305992,4.947203535721201e-09,5.038525152656348e-08
64,cable,0.9643937880927245,4.884098903090717e-09,4.113207552336462e-08
3,losses+grid_subscription,0.9021223852302775,4.991622004624219e-09,4.428684086121848e-08
5,losses+grid_connection,0.9145544212570978,4.968485733947148e-09,3.83351239641172e-08
9,losses+feed_in,0.9231335567988047,4.866834379946283e-09,3.303217699368588e-08
17,losses+capacity_reserve,0.9274264190172962,4.9965811488306144e-09,3.9940339924271484e-08
33,losses+capex_adj,0.9229282312990209,4.978836343205728e-09,3.8720005035575156e-08
65,losses+cable,0.9405398067150187,4.996665636802788e-09,4.1054315502719874e-08
6,grid_subscription+grid_connection,0.9002539746081972,4.980760248685101e-09,3.321529715161198e-08
10,grid_subscription+feed_in,0.9186899415732783,4.74355854596098e-09,3.479152524410445e-08
18,grid_subscription+capacity_reserve,0.9014336414537751,4.948822240891104e-09,3.686593244220382e-08
34,grid_subscription+capex_adj,0.9327788429920358,4.910594375573396e-09,4.253095646500338e-08
66,grid_subscription+cable,0.9080264230503828,4.963071176256051e-09,5.8437898950436384e-08
12,grid_connection+feed_in,0.9481902738332593,4.9794955936377505e-09,5.3893733920062914e-08
20,grid_connection+capacity_reserve,0.939649606820187,4.999114344705902e-09,4.199911535218703e-08
36,grid_connection+capex_adj,0.9433978082007668,4.946643428205277e-09,4.9506843069480055e-08
68,grid_connection+cable,0.9557044999125325,4.88414952926064e-09,3.015783178739184e-08
24,feed_in+capacity_reserve,0.9476488983218714,4.97949736999459e-09,4.08935552642653e-08
40,feed_in+capex_adj,0.9412036515972342,4.8511610284407425e-09,3.60565134138735e-08
72,feed_in+cable,0.9620457198892708,4.979807677329973e-09,4.66439442625699e-08
48,capacity_reserve+capex_adj,0.9476367985305948,4.884059601195645e-09,5.0671111750943965e-08
80,capacity_reserve+cable,0.9643937880926802,4.828189514860526e-09,4.124616198586395e-08
96,capex_adj+cable,0.9633780740853461,4.954880061802669e-09,3.4425284844985526e-08
7,losses+grid_subscription+grid_connection,0.9002019326215521,4.990333035692629e-09,3.102387241549209e-08
11,losses+grid_subscription+feed_in,0.9103601656079247,4.988975454978117e-09,3.424578398636413e-08
19,losses+grid_subscription+capacity_reserve,0.9024158690945665,4.989372470731723e-09,3.567122131009626e-08
35,losses+grid_subscription+capex_adj,0.9356456876900034,4.8218492532114965e-09,4.618716514109833e-08
67,losses+grid_subscription+cable,0.9117002488408225,8.897566775578625e-07,5.443272765859319e-06
13,losses+grid_connection+feed_in,0.9247510125784082,4.931187902457168e-09,3.123566960638868e-08
21,losses+grid_connection+capacity_reserve,0.9245518286750851,4.968483957590308e-09,3.774638379638873e-08
37,losses+grid_connection+capex_adj,0.9240413010243915,4.904105121994462e-09,5.29301380503e-08
69,losses+grid_connection+cable,0.9371185725001597,4.984756607484542e-09,3.059830167018163e-08
25,losses+feed_in+capacity_reserve,0.9231335567988201,4.998175318071674e-09,3.303208817584391e-08
41,losses+feed_in+capex_adj,0.9061963375501716,4.991379087826431e-09,4.6635739769929074e-08
73,losses+feed_in+cable,0.9457061756009504,4.9370408872206895e-09,5.7675308973159645e-08
49,losses+capacity_reserve+capex_adj,0.9209459892328877,4.97883823058487e-09,4.1425396446470586e-08
81,losses+capacity_reserve+cable,0.9372708041541893,4.996607350093996e-09,4.070643822018383e-08
97,losses+capex_adj+cable,0.9534426022935654,4.974500922294567e-09,3.224891459430168e-08
14,grid_subscription+grid_connection+feed_in,0.9187659993654478,4.79280437559737e-09,3.172540019580339e-08
22,grid_subscription+grid_connection+capacity_reserve,0.9002801877006157,4.980759027439774e-09,3.1294489222233324e-08
38,grid_subscription+grid_connection+capex_adj,0.930407063598139,4.8879393865775e-09,5.1394033417917484e-08
70,grid_subscription+grid_connection+cable,0.9029967616001922,4.982583123869233e-09,5.236215904966257e-08
26,grid_subscription+feed_in+capacity_reserve,0.9188578443154829,4.948163545570594e-09,3.5088332170363223e-08
42,grid_subscription+feed_in+capex_adj,0.9233124450620761,4.991627111650132e-09,4.7063797317670186e-08
74,grid_subscription+feed_in+cable,0.9197733405898347,4.966682176643644e-09,4.1684411478115635e-08
50,grid_subscription+capacity_reserve+capex_adj,0.9329473131272457,4.881178572446743e-09,4.969999967130434e-08
82,grid_subscription+capacity_reserve+cable,0.9081860878493255,4.948822240891104e-09,3.179854166091012e-08
98,grid_subscription+capex_adj+cable,0.9361497995434209,4.931925201567822e-09,4.2160674951219335e-08
28,grid_connection+feed_in+capacity_reserve,0.948190273833255,4.979502699065108e-09,5.389371171560242e-08
44,grid_connection+feed_in+capex_adj,0.9420826866464929,4.930175934170222e-09,4.07979650340895e-08
76,grid_connection+feed_in+cable,0.9629201600182504,4.979352152822969e-09,4.582457754920277e-08
52,grid_connection+capacity_reserve+capex_adj,0.943397808200767,4.876690828936603e-09,4.9506843069480055e-08
84,grid_connection+capacity_reserve+cable,0.9557044999125395,4.8526139773130694e-09,3.001989765105684e-08
100,grid_connection+capex_adj+cable,0.9635311923098877,4.9842644456177254e-09,3.103386431169142e-08
56,feed_in+capacity_reserve+capex_adj,0.9394519077063483,4.982574797196548e-09,4.7459658425452744e-08
88,feed_in+capacity_reserve+cable,0.962045719889311,4.979146206451901e-09,4.6642156803500257e-08
104,feed_in+capex_adj+cable,0.9632923760835272,4.963033095606306e-09,3.912570274711147e-08
112,capacity_reserve+capex_adj+cable,0.9633780740853463,4.921111185218763e-09,3.4425196027143556e-08
15,losses+grid_subscription+grid_connection+feed_in,0.9127613281922072,4.974447520567082e-09,4.180502610751091e-08
23,losses+grid_subscription+grid_connection+capacity_reserve,0.9006884183206667,4.935799435834554e-09,3.646558610626016e-08
39,losses+grid_subscription+grid_connection+capex_adj,0.9307264798443436,4.941015374626545e-09,4.746535396324414e-08
71,losses+grid_subscription+grid_connection+cable,0.9071186716842807,4.970442168961142e-09,3.586455576964909e-08
27,losses+grid_subscription+feed_in+capacity_reserve,0.9104932094826371,4.977316780951924e-09,4.284799177273202e-08
43,losses+grid_subscription+feed_in+capex_adj,0.9294526316360698,4.993298552413705e-09,5.098019784099961e-08
75,losses+grid_subscription+feed_in+cable,0.9191496043017389,4.993084057325348e-09,5.023870205955738e-08
51,losses+grid_subscription+capacity_reserve+capex_adj,0.935698769915172,4.973301548361064e-09,4.461249147880153e-08
83,losses+grid_subscription+capacity_reserve+cable,0.9117164060916092,4.941813958048158e-09,5.395205388003532e-08
99,losses+grid_subscription+capex_adj+cable,0.9362968389473704,4.999224145763037e-09,3.9013969832524253e-08
29,losses+grid_connection+feed_in+capacity_reserve,0.9247510125783986,4.998178204651538e-09,3.2076585831930515e-08
45,losses+grid_connection+feed_in+capex_adj,0.9068469096540288,4.992726232444511e-09,4.54429271989909e-08
77,losses+grid_connection+feed_in+cable,0.9463794230279924,4.984334722735184e-09,4.2135028799350494e-08
53,losses+grid_connection+capacity_reserve+capex_adj,0.9228702396964445,4.904099570879339e-09,3.136475523746185e-08
85,losses+grid_connection+capacity_reserve+cable,0.9354958287587517,4.985159174353271e-09,3.6774050471422015e-08
101,losses+grid_connection+capex_adj+cable,0.9419759645149735,4.967223410368149e-09,5.869136283920273e-08
57,losses+feed_in+capacity_reserve+capex_adj,0.9027589960089355,4.991379420893338e-09,3.710807222612189e-08
89,losses+feed_in+capacity_reserve+cable,0.9457061756009526,4.937039776997665e-09,5.767528676869915e-08
105,losses+feed_in+capex_adj+cable,0.9418584676568236,4.9751551767229785e-09,3.1595082106150585e-08
113,losses+capacity_reserve+capex_adj+cable,0.9534426022935618,4.9744974806031905e-09,3.224891459430168e-08
30,grid_subscription+grid_connection+feed_in+capacity_reserve,0.9188789135761048,4.9630369813868924e-09,3.969407021131577e-08
46,grid_subscription+grid_connection+feed_in+capex_adj,0.9235003351923144,4.982896206762177e-09,4.763072153357584e-08
78,grid_subscription+grid_connection+feed_in+cable,0.9200015139663421,4.95132967959222e-09,3.5737524051171476e-08
54,grid_subscription+grid_connection+capacity_reserve+capex_adj,0.9305748443143822,4.988308877074132e-09,4.0785552712918616e-08
86,grid_subscription+grid_connection+capacity_reserve+cable,0.903119432882165,4.982582790802326e-09,5.996940719357746e-08
102,grid_subscription+grid_connection+capex_adj+cable,0.9361497995434236,4.9285595604686705e-09,4.153606347756522e-08
58,grid_subscription+feed_in+capacity_reserve+capex_adj,0.9233487952033422,4.98494723277787e-09,4.6982329138245404e-08
90,grid_subscription+feed_in+capacity_reserve+cable,0.9201791308759322,4.96667296179254e-09,3.591784644707552e-08
106,grid_subscription+feed_in+capex_adj+cable,0.9356495311634855,4.98494723277787e-09,5.301998845519407e-08
114,grid_subscription+capacity_reserve+capex_adj+cable,0.9361622142858768,4.881165693859657e-09,4.135074505029479e-08
60,grid_connection+feed_in+capacity_reserve+capex_adj,0.9369391914052212,4.962810273845264e-09,3.9337067020417393e-08
92,grid_connection+feed_in+capacity_reserve+cable,0.9629201600182291,4.9794350864829084e-09,4.582496612726139e-08
108,grid_connection+feed_in+capex_adj+cable,0.9632923760834515,4.963032096405584e-09,3.912618014301206e-08
116,grid_connection+capacity_reserve+capex_adj+cable,0.9635311923098875,4.984260559837139e-09,3.103388651615191e-08
120,feed_in+capacity_reserve+capex_adj+cable,0.9633460495640768,4.963032096405584e-09,3.2566016522350694e-08
31,losses+grid_subscription+grid_connection+feed_in+capacity_reserve,0.9128228784572534,4.974435863225324e-09,5.5580340274641316e-08
47,losses+grid_subscription+grid_connection+feed_in+capex_adj,0.9268727184920307,4.976344669671562e-09,3.7103053962539434e-08
79,losses+grid_subscription+grid_connection+feed_in+cable,0.9207365268197794,4.894687100076567e-09,4.165023881341767e-08
55,losses+grid_subscription+grid_connection+capacity_reserve+capex_adj,0.9307264798444013,4.860857827360121e-09,4.4940295929052354e-08
87,losses+grid_subscription+grid_connection+capacity_reserve+cable,0.9077061620848028,4.941811848624411e-09,3.336599875558566e-08
103,losses+grid_subscription+grid_connection+capex_adj+cable,0.9341773468854568,4.995537761232072e-09,5.812264006199719e-08
59,losses+grid_subscription+feed_in+capacity_reserve+capex_adj,0.9294526316361149,4.993301327971267e-09,5.09799313874737e-08
91,losses+grid_subscription+feed_in+capacity_reserve+cable,0.9191496043017385,4.993082614035416e-09,5.1469717432528483e-08
107,losses+grid_subscription+feed_in+capex_adj+cable,0.9311374895290634,4.925035490543905e-09,4.920972514199651e-08
115,losses+grid_subscription+capacity_reserve+capex_adj+cable,0.9364560856208968,4.9992290307443454e-09,3.40113048835633e-08
61,losses+grid_connection+feed_in+capacity_reserve+capex_adj,0.9070509537202465,4.997811942075714e-09,3.949255367174942e-08
93,losses+grid_connection+feed_in+capacity_reserve+cable,0.9463794230279947,4.984333390467555e-09,4.2135028799350494e-08
109,losses+grid_connection+feed_in+capex_adj+cable,0.9426928857035936,4.992725011199184e-09,5.630464977590677e-08
117,losses+grid_connection+capacity_reserve+capex_adj+cable,0.9420340549282629,4.9672230773012416e-09,4.5603831752560886e-08
121,losses+feed_in+capacity_reserve+capex_adj+cable,0.94185846765682,4.975156064901398e-09,3.159505990169009e-08
62,grid_subscription+grid_connection+feed_in+capacity_reserve+capex_adj,0.9235498627877087,4.982895096539153e-09,4.749873827591955e-08
94,grid_subscription+grid_connection+feed_in+capacity_reserve+cable,0.9203091857874186,4.974591849560284e-09,4.2351122608863534e-08
110,grid_subscription+grid_connection+feed_in+capex_adj+cable,0.9357570390064736,4.947869003402161e-09,5.578119072202625e-08
118,grid_subscription+grid_connection+capacity_reserve+capex_adj+cable,0.9361622142858859,4.9883100983194595e-09,4.0256242783698326e-08
122,grid_subscription+feed_in+capacity_reserve+capex_adj+cable,0.9357012573179484,4.984946455621753e-09,4.472724418613794e-08
124,grid_connection+feed_in+capacity_reserve+capex_adj+cable,0.9633460495640793,4.963032318450189e-09,3.2121483320435296e-08
63,losses+grid_subscription+grid_connection+feed_in+capacity_reserve+capex_adj,0.9268727184920256,4.979737400212514e-09,3.646150048552954e-08
95,losses+grid_subscription+grid_connection+feed_in+capacity_reserve+cable,0.9207365268197789,4.894709526581664e-09,4.0973979834046936e-08
111,losses+grid_subscription+grid_connection+feed_in+capex_adj+cable,0.9309165419390808,4.953212062730472e-09,3.4608171967098755e-08
119,losses+grid_subscription+grid_connection+capacity_reserve+capex_adj+cable,0.9343359801237613,4.861147040458036e-09,4.335072301131504e-08
123,losses+grid_subscription+feed_in+capacity_reserve+capex_adj+cable,0.9311644289315161,4.955851840016123e-09,5.580788048353824e-08
125,losses+grid_connection+feed_in+capacity_reserve+capex_adj+cable,0.9426928857035916,4.992019464467035e-09,5.8275762049309066e-08
126,grid_subscription+grid_connection+feed_in+capacity_reserve+capex_adj+cable,0.9357931761158306,4.953280008379579e-09,5.27248911752487e-08
127,losses+grid_subscription+grid_connection+feed_in+capacity_reserve+capex_adj+cable,0.9309165419390815,4.979740286792378e-09,3.325535402609603e-08
