REId,name_short,v_empty,d_losses,d_grid_subscription,d_grid_connection,d_feed_in,d_capacity_reserve,d_capex_adj,d_cable
REL00001,Ale El,0.67043176,-0.013816720000000005,0.02232300999999992,0.0034421399999999824,0.008701209999999904,0.0,-0.013065770000000088,0.0
REL00003,Almnäs Bruk,1.0,0.0,0.0,0.0,0.0,0.0,0.0,0.0
REL00004,Alvesta Elnät,0.74379453,0.0044074500000000905,-0.08106481999999993,0.0,0.006504449999999995,0.0,-0.009408689999999997,0.17022251
REL00005,Arvika Teknik,0.76924433,-0.01804682000000002,0.042768159999999944,0.006416439999999968,0.012025479999999922,0.0,0.0015448200000000023,0.012138659999999968
REL00007,Bengtsfors Energi,0.70698654,-0.006093850000000067,-0.04369442000000001,0.010438320000000001,-0.006563890000000017,0.0,0.0557110999999999,0.002468899999999996
REL00008,Bergs Tingslags,0.86943244,-0.0012185999999999586,0.13056756000000003,0.0,-0.046907689999999946,0.0,-0.24433688999999992,0.03643216000000005
REL00010,Bjäre Kraft,0.7231638,0.03193999999999997,0.047434079999999934,-0.020215470000000013,0.0004448699999999306,0.0,-0.018360810000000005,0.054890910000000015
REL00011,Bjärke Energi,0.62024443,0.02539022000000002,0.010893380000000064,0.0,0.006438670000000091,0.0,0.0053583600000000065,0.09999728000000008
REL00012,Upplands Energi,0.75655021,0.019206599999999963,0.004852289999999981,0.0,0.006074950000000023,0.0,-0.01011523000000003,0.008252359999999959
REL00014,Blåsjön Nät,0.77088522,0.008748869999999909,0.1716703599999999,0.0,0.014968429999999922,0.0,-0.08737809000000007,0.012787629999999939
REL00015,Bodens Energi,1.0,0.0,0.0,0.0,0.0,0.0,0.0,0.0
REL00016,Boo Energi,1.0,0.0,0.0,0.0,0.0,0.0,0.0,0.0
REL00017,Borgholm Energi,0.76749033,-0.01915509999999998,-0.04732585,0.01643623999999999,-0.03050419999999998,0.0,0.06616040999999995,0.01743127
REL00018,Borlänge Energi,0.81193799,-0.001261520000000016,0.029393800000000025,-0.00877532999999997,0.028390930000000036,0.0,0.01616381,0.07382252
REL00019,Borås Elnät,0.82871639,-0.0012839299999999332,0.09380823999999999,0.003618830000000073,-0.0037737999999999383,0.0,-0.01945496999999996,0.0025848400000000327
REL00021,Bromölla Energi,0.85268789,-0.0054261100000000395,-0.05762146000000001,0.0,0.004965549999999985,0.00017023999999998818,0.01888319000000005,0.016714989999999985
REL00023,C4 Elnät,1.0,0.0,-0.06158001999999996,0.0,-0.001776600000000017,0.0,0.0,0.0
REL00024,Carlfors Bruk,,,,,,,,
REL00025,Degerfors Energi,0.8424789,0.02450681999999993,-0.02667514999999998,0.00999201999999999,0.009189019999999992,0.0,-0.005304900000000057,0.005753189999999964
REL00029,Övertorneå Energi,0.97945169,-0.0055397099999999755,-0.06787984000000002,0.0,0.016803809999999975,0.0,-0.03687496999999995,0.0
REL00030,Eksjö Elnät,1.0,-0.004726899999999978,-0.18818080000000004,0.0,-0.00178296,0.0,0.0,0.0
REL00031,Emmaboda Elnät,0.79329013,0.03515469999999998,-0.07341052000000003,-0.043985800000000075,0.02500842999999997,0.0,-0.030400260000000068,0.06195233
REL00033,Halmstads Energi,1.0,0.0,0.0,0.0,0.0,0.0,0.0,0.0
REL00035,Eskilstuna Energi,0.92860836,0.006727269999999952,-0.04936264000000001,0.0014459,0.027310579999999973,0.0,-0.01058530000000002,0.0
REL00037,Falbygdens Energi,0.66839108,0.003884349999999981,0.040547629999999946,0.0,-0.014590520000000051,0.0,-0.023718090000000025,0.020346960000000025
REL00038,Falkenberg Energi,0.9255492,0.006529900000000088,-0.004040889999999964,-0.027541499999999997,-0.02673566999999999,5.6610000000012484e-05,0.06173296000000006,0.04656312000000007
REL00040,Filipstad Energi,0.64178228,0.011314449999999976,0.052955019999999964,0.0,0.0032852499999999063,0.0003915899999999972,-0.002373240000000054,0.013166089999999908
REL00043,Gislaved Energi,0.98115748,-0.009269630000000029,0.018842519999999974,0.005491059999999992,-0.022847869999999992,0.0,-0.008960530000000078,0.018842519999999974
REL00049,Grästorps Energi,0.75091375,0.04102270999999991,0.17537850999999993,0.0,-0.03967446000000008,0.0,0.0032639499999999044,0.04025966999999997
REL00062,Göteborg Energi,1.0,0.0,0.0,0.0,0.0,0.0,0.0,0.0
REL00064,Habo Kraft,0.7059784,-0.0036013500000000587,-0.04415846000000001,0.0,0.0009443599999999774,0.0,0.012673729999999939,0.012109040000000015
REL00067,Hallstaviks Elverk,1.0,-0.011343199999999998,-0.27561621000000003,0.0,0.0,0.0,-0.03908944000000003,0.0
REL00072,Herrljunga Elektriska,0.96396353,0.012294240000000012,-0.13740172000000006,0.0,0.009367800000000037,0.0,-0.0015524000000000093,0.0022165800000000235
REL00074,Hjärtums Elförening,0.82323706,-0.02293718,0.14918698000000008,0.0013376800000000078,-0.11753179999999996,0.0,0.036293750000000014,0.0035603300000000004
REL00075,Hofors Elverk,0.91615266,-0.02360021999999995,0.07955958000000007,0.0066361800000001026,-0.01219249,0.0,0.006574250000000004,0.012995120000000027
REL00077,Härnösand Elnät,0.75440886,-0.00687289999999996,0.08424229999999999,0.0,-0.008043609999999979,0.0,-0.03646766999999995,0.0
REL00078,Härryda Energi,0.60780796,-0.003772019999999987,0.05565213999999996,0.0,0.005323639999999963,0.0,-0.019488800000000084,0.0
REL00080,Höganäs Energi,0.84944753,-0.04277779999999998,-0.0022317899999999558,-0.002142069999999996,-0.018863409999999914,6.095999999999879e-05,-0.012444879999999992,0.01911755000000004
REL00083,Jukkasjärvi,0.65788781,-0.004511260000000017,0.026471870000000064,-0.01802634999999997,0.00408386000000005,0.0,-0.037363379999999946,0.07034700000000005
REL00085,Jämtkraft,0.71944121,-0.022398110000000027,0.14836021999999993,0.0,-0.0019235300000000066,0.0,-0.054155830000000016,0.004712139999999976
REL00086,Jönköping Energi,0.85598817,-0.038696790000000036,0.06891283999999998,-0.018175460000000032,-0.027550530000000073,0.00026641999999998944,-0.060976279999999994,0.003337069999999942
REL00087,Kalmar Energi,0.97408968,-0.008498110000000003,-0.09177170999999995,0.004944009999999999,0.015988770000000097,0.0,0.021245100000000017,0.0042952000000000545
REL00090,Karlskoga Elnät,0.7893204,-0.014322580000000085,0.05764342,-0.009323680000000056,0.002139249999999926,0.0,-0.021346489999999996,0.020067069999999965
REL00091,Affärsverken Karlskrona,0.70167721,0.006154739999999936,0.005554549999999936,-0.0013148900000000685,-0.0017667600000000894,0.0006958400000000031,0.01638787999999991,0.01802914999999994
REL00092,Karlstads Elnät,0.85089396,0.0026544300000000964,0.06230516000000008,0.006528670000000014,-0.029418919999999904,0.0,0.029682010000000036,0.01026217000000007
REL00093,Tekniska verken Katrineholm,0.96853296,-0.007078479999999998,0.013564259999999995,0.003375550000000005,-0.014417400000000025,0.0,-0.07268293000000003,0.030870799999999976
REL00098,Kristinehamns Elnät,0.69610469,-0.028340350000000014,-0.05152312999999997,0.0,0.002372719999999995,0.0,-0.005999609999999933,0.005355510000000008
REL00100,Kungälv Energi,0.81744333,-0.03856742000000002,0.025799069999999924,0.002045940000000024,0.009671800000000008,0.0,0.021712369999999925,0.005740579999999995
REL00103,Landskrona Energi,0.97537926,0.02462074000000003,-0.03230219999999995,0.007395090000000049,-0.011291739999999995,0.0,-0.02464212999999993,0.0
REL00106,Lerum Energi,0.79311424,-0.008540510000000001,0.03716371000000007,0.0,0.00220607000000006,0.00014217999999999176,0.014474760000000031,0.0
REL00111,Tekniska verken Linköping,1.0,0.0,0.0,0.0,0.0,0.0,-0.13518081000000004,0.0
REL00112,Ljungby Energi,1.0,0.0,-0.10830496,0.0,0.0,0.0,0.0,0.0
REL00113,Ljusdal Elnät,0.76744209,-0.022368889999999975,0.05756082000000007,0.004774029999999985,0.005529930000000016,0.0,0.001641900000000085,0.027763470000000012
REL00118,Luleå Energi,0.88851655,-0.028883299999999945,0.11148345000000004,6.603000000005022e-05,0.01066622000000006,0.0,-0.012344130000000009,0.016048850000000003
REL00121,LEVA i Lysekil,0.869822,-0.02437844999999994,-0.07285730000000001,0.006545259999999997,-0.01461524000000003,0.0,-0.028079789999999938,0.014274360000000041
REL00123,Malung-Sälens Elnät,0.84598664,-0.018387299999999995,-0.004906199999999972,-0.31510788,-0.009178169999999986,0.0,-0.12221692000000006,0.012722349999999993
REL00126,Mellersta Skånes Kraft,0.67775657,0.006577069999999963,0.07619858000000002,0.0,0.001964680000000052,0.0,0.016778340000000003,0.0039040299999999473
REL00127,Mjölby Kraft,0.68663523,-0.020241100000000012,0.06918939999999996,0.000585179999999963,-0.025238870000000024,0.0,-0.034839020000000054,0.03326359000000001
REL00128,Mölndal Energi,1.0,-0.03358170999999999,-0.01927186999999997,0.0,0.0,0.0,-0.013341979999999976,0.0
REL00130,Nacka Energi,0.70672976,0.0025230699999999606,0.08518199999999998,-0.01602892999999994,0.005729749999999978,0.0009290100000000079,-0.04146225999999997,0.001010530000000065
REL00133,Norrtälje Energi,0.82004742,-0.023712859999999947,-0.04961196999999995,-9.183000000001496e-05,-0.014507139999999974,0.0,-0.07009522000000001,0.0
REL00135,Nossebroortens Energi,0.8198757,0.009533220000000009,-0.15200082999999998,0.0,-0.014053850000000034,0.0,-0.021936379999999978,0.002181070000000007
REL00137,Nybro Elnät,0.80263348,0.007803329999999997,-0.02288471000000003,0.005785640000000036,-0.018734510000000038,0.0,-0.023768200000000017,0.020942530000000015
REL00139,Näckåns Elnät,0.83553072,0.027955880000000044,-0.0196036799999999,0.0,0.001427250000000102,0.0,-0.09267524999999999,0.00430377000000004
REL00141,Nässjö Affärsverk,1.0,0.0,-0.12070236000000001,0.0,0.0,0.0,0.0,0.0
REL00143,Olofströms Kraft,0.91325149,-0.01845403000000001,-0.015194310000000044,0.0020418499999999007,-0.0024850400000000494,0.0,0.008383659999999904,0.031756909999999916
REL00144,Olseröds El,0.62717687,-0.023187689999999983,0.008371389999999979,0.00017222000000005622,-0.0009048799999999968,0.0,0.03755801999999997,0.14306699
REL00146,Oskarshamn Energi,0.9652467,0.026094379999999973,-0.05328584000000003,0.0066437999999999775,-0.015369250000000001,0.0,0.0037004499999999663,0.03475329999999999
REL00147,Oxelö Energi,1.0,0.0,0.0,0.0,0.0,0.0,0.0,0.0
REL00148,Partille Energi,0.80452797,-0.0010372800000000293,0.06407322999999998,0.0008435300000000368,-0.003268900000000019,6.090000000069651e-06,-0.01637349999999993,0.007060999999999984
REL00149,PiteEnergi,0.97680743,0.023192569999999968,0.015175500000000008,-0.0031233700000000697,0.007534359999999962,0.0,0.0039964200000000005,0.0
REL00152,Ronneby Miljöteknik,0.71485033,0.005829010000000023,0.07060365000000002,0.004069180000000006,0.008533870000000054,0.0,0.016676330000000017,0.05116032000000004
REL00156,Rödeby Elverk,0.64459858,-0.009356230000000076,0.05538666999999997,0.0,-0.0007058300000000184,0.0,0.03379184999999996,0.043203769999999975
REL00157,Sala-Heby Energi,0.94129326,-0.05109428999999999,-0.007450420000000069,0.008763989999999944,-0.011673869999999975,0.0,0.009395419999999932,0.00010292000000000634
REL00158,Sandhult-Sandared,1.0,0.0,-0.11403240000000003,0.0,0.0,0.0,0.0,0.0
REL00160,SEVAB,0.72276363,-0.02156104999999997,-0.05802973999999994,0.0013562700000000483,0.009573400000000065,0.0,-0.013740479999999944,0.003186160000000049
REL00163,Sjogerstads El,0.72199815,-0.009422570000000019,-0.04813020000000001,-0.04265034000000001,0.0017026799999999565,0.0,-0.015599260000000004,0.016916330000000035
REL00164,Sjöbo Elnät,0.77588094,-0.009149309999999966,-0.005734779999999939,0.0,-0.008496879999999929,0.0,-0.009314449999999974,0.13523740000000006
REL00167,Skurups Elverk,0.92789108,-0.02022484000000002,-0.18369333,0.0,0.0009884900000000085,0.0007370800000000566,-0.014238809999999935,0.0003400100000000572
REL00168,Skyllbergs Bruk,0.85962187,0.14037813,0.12073840000000002,0.0007123999999999464,0.016263020000000017,0.0,-0.02256992999999996,0.0
REL00169,Skånska Energi,0.91462011,-0.03346484999999999,-0.05488470000000001,-0.028850680000000017,-0.03986122000000003,0.0,0.03799361000000001,0.006868450000000026
REL00170,Skövde Energi,0.96888083,-0.009253120000000004,-0.03946988000000007,0.0009806299999999268,-0.009111100000000039,0.0,0.030143750000000025,0.0007248599999999383
REL00171,Smedjebacken Energi,0.91841626,-0.03430221,-0.02942100999999997,0.011028079999999996,-0.011585080000000025,7.770000000006938e-05,0.0017340799999999712,0.009925929999999972
REL00173,Sollentuna Energi,0.98143702,-0.010442260000000037,-0.017045010000000027,0.000929729999999962,0.00011017000000002053,0.0006232400000000249,-0.0034704700000000033,0.0
REL00175,Staffanstorps Energi,0.72982287,-0.007162459999999982,-0.09243241999999996,-0.03924486000000005,0.00323255999999994,6.404999999998218e-05,-0.05620077000000001,0.0
REL00177,Sturefors El,1.0,0.0,-0.11236232999999995,0.0,-0.021832280000000037,0.0,0.0,0.0
REL00178,Sundsvall Elnät,0.77080442,0.00913101999999999,0.16241278999999997,-0.0028962800000000843,0.0070399700000000065,0.0004943899999999557,-0.018595240000000013,0.0020084599999999897
REL00182,Njudung Sävsjö,0.91292649,0.05008526999999996,-0.19298379,0.0,0.006472900000000004,0.0,-0.00427731000000009,0.0
REL00183,Söderhamn Elnät,0.81452617,-0.019008070000000044,0.06402818999999993,0.006327759999999905,0.01507963999999995,0.0,0.028822369999999986,0.0036202399999999413
REL00184,Södra Hallands Kraft,0.72354038,-0.024799889999999936,-0.015328510000000017,-0.0014422899999999572,-0.01508381999999997,0.0,-0.010872859999999984,0.010262100000000052
REL00185,Sölvesborg Energi,0.79947064,-0.024207560000000017,-0.12293441000000005,0.005210409999999999,-0.036668829999999986,-0.02661943,0.053972669999999945,0.005856749999999966
REL00186,Telge Nät,0.99673209,0.0032679100000000405,-0.012803519999999957,0.0009748200000000429,0.0032679100000000405,1.946000000008219e-05,-0.016354099999999927,0.0032679100000000405
REL00187,Tibro Elnät,0.87468664,-0.01700625999999994,-0.08208687999999997,0.0008343500000000947,0.006029240000000047,0.0,0.00652749000000008,0.010650180000000065
REL00191,Trollhättan Energi,1.0,-0.027077629999999964,-0.061631300000000055,0.0,0.0,0.0,0.0,0.0
REL00193,Töre Energi,0.75682245,-0.0017450800000000655,-0.07760557000000001,0.0,0.011234969999999955,0.0,0.059815329999999944,0.21374996999999996
REL00195,Uddevalla Energi,0.92271552,-0.018794109999999975,-0.00998368000000005,0.0034447199999999567,-0.004971610000000015,0.0,0.025835749999999935,0.0
REL00201,Vallebygdens Energi,0.88075667,0.03641563999999997,-0.024922780000000033,0.0,0.008917300000000017,0.0,-0.004112430000000056,0.04232760999999996
REL00203,Vara Energi,0.84237807,-0.004390200000000011,-0.08193087999999993,-0.005915259999999978,-0.07337717999999993,0.0,0.0008782900000000593,0.0016623000000000054
REL00204,Varberg Energi,0.86363367,-0.022598940000000067,-0.011616570000000048,0.004659949999999968,-0.0018019400000000019,1.5879999999968142e-05,0.009548679999999976,0.012242179999999991
REL00205,Varbergsortens Elkraft,0.69162549,0.017388779999999993,-0.00213626999999994,0.0,-0.004853689999999911,0.0,0.01808174000000007,0.016598460000000093
REL00235,Värnamo Elnät,0.91394497,-0.04126580999999996,-0.07278224,1.545000000002794e-05,-0.02087620999999995,0.0,-0.020509739999999943,0.0014691600000000804
REL00239,Västerviks Elnät,0.93181856,-0.04094681999999994,0.015097050000000056,0.006641250000000043,-0.008621789999999963,0.0,0.032964419999999994,0.012338630000000017
REL00242,Västra Orust Energi,0.72592336,-0.019473340000000006,-0.034290790000000015,0.010908999999999947,0.005359789999999975,0.0,-0.015391510000000053,0.023043640000000032
REL00243,Växjö Energi,0.82489394,-0.0008034000000000097,0.0029210100000000017,0.0026755699999999605,-0.07075659000000001,0.0,0.014292419999999972,0.0
REL00244,Ystad Energi,0.78718707,0.031067049999999985,-0.08209599999999995,0.0051795799999999614,-0.009754060000000009,0.0,-0.006721100000000035,0.007981039999999995
REL00246,Ålem Energi,0.71352995,-0.017361100000000018,-0.031152630000000014,0.006688450000000068,-0.006543189999999921,0.0,0.02307343000000006,0.02367925000000004
REL00249,Årsunda Kraft,0.79924067,-0.032634219999999936,-0.07030941999999996,0.002749910000000022,0.008912000000000031,0.0,-0.011448400000000025,0.0
REL00255,Östra Kinds Elkraft,1.0,0.0,-0.03874403999999998,0.0,0.0,0.0,0.0,0.0
REL00257,Övik Energi,,,,,,,,
REL00267,Mälarenergi,0.85651881,-0.011874039999999919,0.03686239000000002,-0.012967309999999954,0.009731900000000016,0.0,-0.019912590000000008,0.012406100000000087
REL00332,Tidaholms Elnät,0.67782488,-0.01252911999999995,0.07221525000000006,0.0,-0.009778109999999951,0.0,-0.02510051999999996,0.014236520000000086
REL00364,Österlens Kraft,0.80016531,-0.017386320000000066,-0.10396139999999998,0.0010337799999999842,0.0025840799999999886,0.0,-0.041518860000000046,0.012573999999999974
REL00570,Västerbergslagens Elnät,1.0,0.0,0.0,0.0,0.0,0.0,-0.002253269999999974,0.0
REL00576,Härjeåns,0.91714833,-0.06531644999999997,0.08285167000000004,-0.00422144999999996,-0.01611309999999999,0.0,-0.1349642299999999,0.06232291000000001
REL00584,Umeå Energi,0.73880649,-0.005379699999999987,0.26119351,0.0030199100000000145,0.003979779999999988,-0.0007946500000000079,-0.02803275999999999,0.03945167000000005
REL00585,Götene Elförening,0.92390215,0.07609785000000002,0.07609785000000002,0.04244893000000005,-0.011614059999999982,0.0,-0.01251839999999993,0.07555876000000006
REL00590,LKAB Nät,0.77121513,0.02320637000000003,0.16289189000000004,0.0,0.036744740000000053,0.007572240000000008,-0.010413859999999997,0.0
REL00594,VänerEnergi,0.83277951,-0.018338489999999985,-0.049329049999999985,0.0024630700000000116,0.009613680000000069,-0.004199059999999921,0.020157340000000024,0.009082900000000005
REL00824,Skellefteå Kraft,1.0,0.0,0.0,0.0,0.0,0.0,0.0,0.0
REL00885,Gävle Energi,0.89457287,0.03282334000000009,0.025427580000000005,0.002027670000000037,-0.00729736999999997,0.0,0.02153740000000004,0.01453894
REL00886,Kraftringen,0.78255153,-0.026852919999999947,-0.03634307999999997,-0.010001379999999949,-0.03445567999999999,0.0,0.005439810000000045,0.039913459999999956
REL00899,Kvänumbygdens Energi,1.0,0.0,0.0,0.0,0.0,0.0,0.0,0.0
REL00904,Öresundskraft,0.8401326,-0.006939680000000004,-0.035914329999999994,0.0013359499999999747,-0.03427807000000005,0.0,0.010107470000000007,0.0016986399999999735
REL00936,Njudung Vetlanda,0.86792055,-0.0029155600000000392,0.0015892600000000368,0.0030818900000000315,-0.04266133000000005,0.0,-0.027976210000000057,0.015430300000000008
REL00937,Tranås Energi,0.70924611,-0.017157110000000086,0.017236589999999996,0.0037076099999999723,0.0037547399999999787,0.0,-0.019947200000000054,0.005456409999999967
REL00938,Hedemora Elnät,0.65673916,0.0024674399999999874,-0.016560279999999983,0.0016844799999999882,0.0006610900000000308,0.0,0.011254050000000015,0.012863970000000058
REL00944,Linde Energi,0.97795858,0.022041419999999978,0.022041419999999978,0.022041419999999978,-0.019992300000000074,0.0,-0.01841598,0.014609450000000024
REL00945,Gotlands Elnät,0.7371884,-0.03157624999999997,0.13166973999999998,0.005940570000000034,-0.04468205999999997,0.0,-0.009670979999999996,0.08072882000000003
REL00958,Vimmerby Energi,0.76283231,0.052004670000000086,-0.022729119999999936,0.008257370000000042,-0.023233279999999912,0.0,-0.0036997899999999806,0.020719380000000065
REL00959,Åsele Elnät,0.94127234,-0.025447949999999997,-0.09006376000000005,0.0019466499999999387,0.0036198799999999087,0.0,0.0042271999999999865,0.010881359999999951
REL00965,Sörbylunds Elnät,,,,,,,,
REL01010,Sandviken Energi,0.7825944,-0.02956654000000003,0.01723872999999998,0.002223419999999976,0.008543689999999993,0.0,-0.014017830000000009,0.0020822999999999814
REL01012,Brittedals Elnät,0.73617991,0.00046015999999993173,-0.08059731000000003,0.0,0.004293400000000003,0.0,-0.0013614200000000576,0.053146079999999984
REL03009,Dala Energi,0.76022507,-0.025097879999999906,-0.022967309999999963,0.004229110000000036,0.0029854600000001064,0.0,0.04177344000000005,0.02859305000000001
REL03015,Falu Elnät,0.73067811,-0.04020379000000007,0.03946149999999993,0.007666519999999899,-0.020073040000000097,0.0,0.03384788999999999,0.01839398999999997
REL03016,Vaggeryds Elverk,1.0,0.0,0.0,0.0,0.0,0.0,0.0,0.0
REL03019,Trelleborgs Elnät,0.71188881,-0.01825038000000001,-0.002927090000000021,0.0,-0.008112800000000031,0.00025465999999996214,-0.034045880000000084,0.0011155099999999862
REL03028,E.ON,0.93811898,-0.020496979999999998,-0.08105492000000003,-0.003251010000000054,-0.03312228000000006,-0.006412310000000088,0.04049764999999994,0.022053229999999924
REL03030,Vattenfall,0.86619524,-0.03964696000000001,-0.035573909999999986,-0.005576110000000023,-0.039925630000000045,0.0,0.04466537999999998,0.002458870000000002
REL03035,Ellevio,0.91915218,-0.04670476999999995,-0.03922629,0.007680389999999981,-0.01717599000000003,0.0,-0.02129464999999997,0.01604720999999998
REL03038,Lidköping Elnät,0.91793806,-0.010362279999999946,0.07143292999999995,0.006101090000000031,-0.019472080000000003,0.0,-0.005949910000000003,0.05109092999999998
REL03041,Hjo Elnät,0.82912672,-0.014286809999999983,-0.11386463000000002,0.00713187000000004,0.007698790000000066,0.0,0.05632955000000006,0.018393219999999988
REL03042,Skara Elnät,1.0,0.0,-0.046817540000000046,0.0,0.0,0.0,0.0,0.0
REL03043,Karlsborgs Elnät,0.77858782,0.008176669999999997,-0.1122052,0.0046967599999999665,0.010465809999999909,0.0,0.01287077999999997,0.04495260000000001
REL03044,Ulricehamn Energi,0.78377049,0.0017221499999999779,-0.006433429999999962,0.0,0.002704060000000008,0.0,-0.012368309999999938,0.045353599999999994
REL03047,Karlshamn Elnät,0.96002403,-0.008786630000000017,-0.18775499000000007,0.00624943,0.007184740000000023,0.0,0.010377599999999987,0.0037743199999999977
REL03049,Alingsås Energi,0.75528769,-0.016535169999999932,0.0003988400000000114,0.006112180000000023,0.007142300000000046,0.0,-0.019559689999999907,0.007162019999999991
REL03050,Näckåns Elnät (Viggafors),1.0,0.0,-0.060065939999999984,0.0,0.0,0.0,-0.0019525400000000026,0.0
