REId,name_short,v_empty,v_full,phi_losses,phi_grid_subscription,phi_grid_connection,phi_feed_in,phi_capacity_reserve,phi_capex_adj,phi_cable,sum_phi
REL00001,Ale El,0.67043176,0.69450197,-0.012466618666666655,0.036756482999999965,0.0019572101666666805,0.006064040999999984,1.0625499999998105e-05,-0.008294289499999991,4.2758499999998964e-05,0.024070209999999984
REL00003,Almnäs Bruk,1.0,1.0,0.0,0.0,0.0,0.0,0.0,0.0,0.0,0.0
REL00004,Alvesta Elnät,0.74379453,0.77617436,0.011295953071428583,-0.1597826270952381,-0.0036598047619047563,0.008403290571428555,-0.0005635729285714239,0.011085227238095232,0.16560136390476185,0.03237982999999994
REL00005,Arvika Teknik,0.76924433,0.83785064,-0.009225617928571442,0.05771249607142855,0.0026529644047618896,0.007153441238095223,-0.00015823892857142448,0.006341373071428573,0.004129892071428569,0.06860630999999993
REL00007,Bengtsfors Energi,0.70698654,0.71373415,-0.0031154273333333722,-0.029331738333333312,0.004423893499999986,-0.00583766083333336,1.3372500000004746e-05,0.040029770499999964,0.0005653999999999993,0.006747609999999902
REL00008,Bergs Tingslags,0.86943244,0.82447038,0.0032065449047619116,0.07762210107142856,-0.018642728761904762,-0.022521749428571432,-0.007059650261904769,-0.1125407610952381,0.03497418357142855,-0.04496206000000004
REL00010,Bjäre Kraft,0.7231638,0.82894528,0.0435835413095238,0.04086421047619046,-0.02129870135714285,-0.003010212023809539,-0.00017584785714285444,-0.005253517857142861,0.05107200730952381,0.10578147999999997
REL00011,Bjärke Energi,0.62024443,0.73304204,0.009790909190476186,0.01511817252380953,-0.0013454896428571473,0.0017970833571428696,-2.528809523809416e-06,-0.006582612309523827,0.09402207569047616,0.11279760999999995
REL00012,Upplands Energi,0.75655021,0.7627454,0.004844308738095237,0.0032292369047619072,-0.0011542962619047615,0.0022038427380952413,3.524047619057625e-07,-0.010264382261904735,0.007336127738095223,0.006195190000000019
REL00014,Blåsjön Nät,0.77088522,0.90660466,-0.0007368132380952442,0.17684175142857136,-0.0046535240714285706,0.010852743928571397,-0.002424989238095239,-0.05493416840476192,0.010774439595238083,0.13571943999999986
REL00015,Bodens Energi,1.0,1.0,-0.005110249000000003,0.008324582000000011,0.0002713478333333334,0.00041343649999999734,0.0,-0.005110249000000003,0.0012111316666666668,1.5178830414797062e-18
REL00016,Boo Energi,1.0,1.0,0.0,0.0,0.0,0.0,0.0,0.0,0.0,0.0
REL00017,Borgholm Energi,0.76749033,0.75237976,-0.00922051657142856,-0.034556983571428584,0.0049941564285714115,-0.02869477290476189,4.541409523809119e-05,0.041343140261904755,0.010978992261904762,-0.015110570000000018
REL00018,Borlänge Energi,0.81193799,1.0,-0.008140601452380956,0.06976493738095237,-0.006379626285714276,0.011440724380952394,-5.719761904762093e-05,0.04603744438095237,0.07539632921428573,0.18806201
REL00019,Borås Elnät,0.82871639,0.94147718,0.003520872333333346,0.11023891316666663,0.0012524793333333552,-0.002208551499999998,3.907999999992427e-06,-0.0007569529999999773,0.000710121666666677,0.11276079000000003
REL00021,Bromölla Energi,0.85268789,0.78253693,-0.0048681111428571485,-0.08816802214285713,-0.0012144178095237945,0.0024544826904761862,-0.00046568830952381523,0.012996268857142883,0.009114527857142854,-0.07015095999999997
REL00023,C4 Elnät,1.0,0.78971335,0.0065886345000000035,-0.1584033961666667,-0.012393826166666677,-0.025747846666666664,-0.008983645166666674,-0.01600252683333335,0.004655956500000001,-0.21028665000000007
REL00024,Carlfors Bruk,,,,,,,,,,
REL00025,Degerfors Energi,0.8424789,0.86663213,0.027302086666666642,-0.010654570166666665,0.0036710353333333106,0.006966416166666662,9.035666666660594e-06,-0.004674423500000027,0.0015336498333333242,0.024153229999999908
REL00029,Övertorneå Energi,0.97945169,0.86383154,-0.03451287733333335,-0.05163219650000001,-0.0017420698333333539,0.00745565183333333,5.699999999997374e-07,-0.036305217333333334,0.0011159891666666683,-0.11562015000000006
REL00030,Eksjö Elnät,1.0,0.81490814,0.001373261999999994,-0.18634251500000001,-0.0018069309999999836,-0.005191841666666675,-0.0007833919999999991,0.0077938124999999995,-0.000134254833333332,-0.18509186
REL00031,Emmaboda Elnät,0.79329013,0.63595292,0.024198317666666667,-0.16898190250000003,-0.04700197916666667,0.01750076666666667,-0.001380777499999998,-0.03878756083333335,0.05711592566666667,-0.15733721000000003
REL00033,Halmstads Energi,1.0,1.0,0.0,0.0,0.0,0.0,0.0,0.0,0.0,0.0
REL00035,Eskilstuna Energi,0.92860836,0.95495547,0.0035752778809523787,-0.015150498285714286,0.0016075242142857178,0.021989130880952393,-6.547285714288341e-06,0.014332304214285706,-8.161904762208148e-08,0.026347110000000003
REL00037,Falbygdens Energi,0.66839108,0.68694418,0.001150514761904755,0.04066729626190475,-0.0009263874047619018,-0.014631974571428568,-1.6169047619061871e-06,-0.020245176071428596,0.012540443928571439,0.018553099999999968
REL00038,Falkenberg Energi,0.9255492,0.88054328,0.014632924833333356,-0.06368973049999999,-0.02529380033333334,-0.027414228333333318,-0.0005242188333333379,0.033211144333333345,0.024071988833333353,-0.045005919999999935
REL00040,Filipstad Energi,0.64178228,0.71397486,0.007621803142857138,0.04616560880952379,-0.00012622335714286597,0.0017625609761904681,0.00016774797619048228,0.00898059230952381,0.007620490142857121,0.07219257999999995
REL00043,Gislaved Energi,0.98115748,0.96226898,-0.008065733071428579,0.006666999595238095,-0.000511170071428564,-0.017248895738095217,-0.0002659510714285574,-0.011230464404761902,0.011766714761904757,-0.018888499999999968
REL00049,Grästorps Energi,0.75091375,0.86373932,-0.007257898476190483,0.15496392785714283,-0.002621422642857144,-0.04936254614285715,-4.9420476190477015e-05,-0.005638990309523823,0.022791920190476166,0.11282556999999993
REL00062,Göteborg Energi,1.0,1.0,0.00037725033333333444,-0.0005658755000000016,-0.0005658755000000016,0.00037725033333333444,0.0,0.00037725033333333444,0.0,2.168404344971009e-19
REL00064,Habo Kraft,0.7059784,0.68890953,0.0016197483809523685,-0.04892972461904763,0.0002366698809523766,-0.0010543399523809428,-1.8141619047621454e-05,0.009837064547619054,0.02123985338095238,-0.017068870000000017
REL00067,Hallstaviks Elverk,1.0,0.70478057,0.0019155518333333395,-0.26648686716666675,0.0010044220000000176,0.007810793666666674,0.0003597048333333334,-0.03982303516666665,0.0,-0.29521943000000006
REL00072,Herrljunga Elektriska,0.96396353,0.82505911,-0.0013199274523809637,-0.1331728332857143,-0.0015870861190476183,0.003811518547619047,1.068371428571413e-05,-0.009007487285714284,0.0023607118809523815,-0.13890442000000003
REL00074,Hjärtums Elförening,0.82323706,0.83175119,-0.039554738166666686,0.14884407883333328,-0.0008475308333333301,-0.1237626951666667,0.0,0.021855579,0.0019794363333333377,0.008514129999999901
REL00075,Hofors Elverk,0.91615266,1.0,-0.011593526666666675,0.0942622721666667,0.0015709013333333648,-0.006918740666666665,0.0,0.0002712099999999975,0.006255223833333335,0.08384734000000006
REL00077,Härnösand Elnät,0.75440886,0.79156893,-0.004955058095238101,0.08592890507142854,-0.0007947077619047648,-0.009576389261904756,5.2011571428575316e-05,-0.033913614928571395,0.00041892340476190853,0.03716007
REL00078,Härryda Energi,0.60780796,0.64162101,0.0012449370714285933,0.04940111557142857,-0.0010091975952380928,0.00038665890476191275,-0.00020745792857142445,-0.01590942076190479,-9.35852619047656e-05,0.033813050000000004
REL00080,Höganäs Energi,0.84944753,0.77575978,-0.02887485138095238,-0.02197679804761904,-0.004042322714285709,-0.020251022714285694,-0.000683614880952374,-0.014421410714285711,0.01656227045238097,-0.07368774999999994
REL00083,Jukkasjärvi,0.65788781,0.69944514,-0.00506073235714286,0.010316984976190489,-0.018791948690476186,0.0019652436428571445,-6.95330238095265e-05,-0.02177781652380951,0.07497513197619049,0.04155733000000004
REL00085,Jämtkraft,0.71944121,0.80539093,-0.017242988000000015,0.13641332383333332,-0.004173093500000011,0.0012868393333333107,-0.0014480701666666712,-0.03284208133333334,0.003955789833333309,0.0859497199999999
REL00086,Jönköping Energi,0.85598817,0.85270314,-0.028811049166666672,0.09960781233333334,-0.016028585166666685,-0.025334842166666673,9.66160000000057e-05,-0.03498177366666665,0.002166791833333323,-0.0032850300000000195
REL00087,Kalmar Energi,0.97408968,0.93531107,-0.003219369571428571,-0.0741798759047619,0.003130386261904762,0.01724889092857145,6.172609523810658e-05,0.017225247928571434,0.0009543842619047686,-0.03877860999999994
REL00090,Karlskoga Elnät,0.7893204,0.80140118,-0.00218227604761906,0.024954731119047637,-0.011784317214285718,0.0040205886190476155,-0.0002920202142857063,-0.017419265714285717,0.014783339452380953,0.012080780000000003
REL00091,Affärsverken Karlskrona,0.70167721,0.68931268,0.0019365830952380958,-0.029734383738095234,-0.00398004323809524,-0.002804953238095254,-0.0008057254047619025,0.012057056095238067,0.010966936428571434,-0.012364530000000028
REL00092,Karlstads Elnät,0.85089396,0.95325063,0.0008326151666666814,0.08618096083333336,0.002691013833333335,-0.033020076999999995,2.117333333332363e-05,0.04125416216666666,0.00439682166666667,0.10235667000000004
REL00093,Tekniska verken Katrineholm,0.96853296,0.93414686,0.0001623145000000108,0.01640510383333334,-0.0010553336666666616,-0.0062041956666666655,0.0,-0.06412147683333332,0.020427487833333327,-0.03438609999999996
REL00098,Kristinehamns Elnät,0.69610469,0.65879787,-0.015220192785714284,-0.03370445695238094,0.0012331037142857275,0.0008407307142857096,1.0500214285710401e-05,0.0014321063809523958,0.008101388714285711,-0.03730681999999996
REL00100,Kungälv Energi,0.81744333,0.85796795,-0.03489505740476189,0.04027921826190477,0.0010913877619047664,0.005625388428571431,2.0142857142801951e-07,0.02512698192857142,0.003296499595238093,0.04052462000000001
REL00103,Landskrona Energi,0.97537926,0.88834439,0.013034757333333327,-0.07081176816666665,-0.004128584833333328,-0.005411799333333318,0.0,-0.02613139083333334,0.00641391583333332,-0.08703486999999999
REL00106,Lerum Energi,0.79311424,0.86614011,-0.004805483,0.0552596061666667,0.0009180468333333358,0.001077949500000011,0.0003070801666666567,0.020268670333333363,0.0,0.07302587000000006
REL00111,Tekniska verken Linköping,1.0,0.97214539,-0.013980055285714277,0.0708931892142857,0.0017895673809523926,-0.018761544119047624,2.0009714285715957e-05,-0.0774387672857143,0.009622990380952382,-0.02785461000000002
REL00112,Ljungby Energi,1.0,0.85110653,0.008289867642857142,-0.14830898335714285,-0.004233123023809511,-0.006855130357142851,8.26609761904737e-05,-0.006206647857142852,0.008337885976190486,-0.14889347
REL00113,Ljusdal Elnät,0.76744209,0.84227213,-0.010651345499999984,0.06114710483333336,0.0013036981666666647,0.004328356000000006,0.0,-0.0007633966666666655,0.01946562316666669,0.07483004000000007
REL00118,Luleå Energi,0.88851655,1.0,-0.015976440095238083,0.11895103223809524,0.0002999529047619126,0.004931807571428582,-8.081042857143043e-05,-0.00476924426190476,0.008127152071428568,0.11148345000000003
REL00121,LEVA i Lysekil,0.869822,0.77506664,-0.01003652099999999,-0.05173069149999999,0.0007100925000000015,-0.01254583599999999,0.0,-0.028757474666666654,0.007605070666666669,-0.09475535999999996
REL00123,Malung-Sälens Elnät,0.84598664,0.50958376,0.0010024247619047682,0.002759224761904785,-0.2751378390714285,-0.0009740752380952342,-0.0021465774047619082,-0.07175502757142857,0.009848989761904776,-0.3364028799999999
REL00126,Mellersta Skånes Kraft,0.67775657,0.72553348,-0.024101657785714322,0.06955986938095238,-0.0017698752857142853,0.00283199088095237,-1.224285714286291e-06,-0.0018227987857142782,0.0030806058809523646,0.04777690999999994
REL00127,Mjölby Kraft,0.68663523,0.75497977,-0.00714511799999998,0.08462728549999995,0.0006637408333333299,-0.029098083166666677,0.0,-0.01818731616666668,0.03748403100000002,0.06834453999999997
REL00128,Mölndal Energi,1.0,0.96747844,-0.0219167069047619,-0.009011581571428558,0.00199715359523811,0.0026311170952381053,-2.7909571428567984e-05,-0.006343925404761897,0.00015029276190476468,-0.03252155999999994
REL00130,Nacka Energi,0.70672976,0.75434367,0.01064404226190476,0.07464665792857139,-0.018456933404761892,0.0037388650952381013,-0.0001746262380952397,-0.027349376571428555,0.004565280928571439,0.047613910000000016
REL00133,Norrtälje Energi,0.82004742,0.71812791,-0.01779363499999998,-0.01596379133333331,0.0008355471666666614,-0.012862958666666662,6.798766666665975e-05,-0.0562609206666667,5.826083333333269e-05,-0.10191951
REL00135,Nossebroortens Energi,0.8198757,0.65021758,7.635183333333019e-05,-0.13961806099999996,-0.0029524830000000014,-0.007992646833333344,6.743833333333616e-06,-0.024144424333333317,0.004966399499999993,-0.16965811999999997
REL00137,Nybro Elnät,0.80263348,0.76862783,0.010460855595238083,-0.032408006238095255,-0.0018026635714285596,-0.015939654404761895,-6.365690476190189e-05,-0.010942252571428567,0.016689728095238113,-0.034005649999999985
REL00139,Näckåns Elnät,0.83553072,0.78574955,0.0395495850952381,-0.01697517390476189,-0.005211908404761899,-0.00012940690476188942,-0.0026700367380952327,-0.06684233907142857,0.0024981099285714386,-0.049781169999999944
REL00141,Nässjö Affärsverk,1.0,0.85948963,0.00013651171428571477,-0.13598624945238097,-0.0014575921190476166,0.002898964380952385,-2.3014285714287712e-05,-0.007028075785714286,0.0009490855476190446,-0.14051037000000002
REL00143,Olofströms Kraft,0.91325149,0.89808375,-0.007151709523809543,-0.04573631435714288,-0.003948871023809536,0.012292396976190464,-0.0001333205238095201,0.00075515414285713,0.02875492430952378,-0.015167740000000107
REL00144,Olseröds El,0.62717687,0.68690665,-0.0004133173333333391,-0.026468239166666678,9.630150000001039e-05,0.00045524716666665757,0.0,-0.0016062306666666732,0.08766601849999993,0.059729779999999906
REL00146,Oskarshamn Energi,0.9652467,0.891634,0.022833672428571435,-0.10111856007142861,-0.0034100227380952316,-0.013916314238095237,-0.0003786427380952324,0.00211919876190477,0.020257968595238096,-0.07361270000000003
REL00147,Oxelö Energi,1.0,1.0,0.0,0.0,0.0,0.0,0.0,0.0,0.0,0.0
REL00148,Partille Energi,0.80452797,0.89515437,0.007568412761904738,0.08214191776190477,0.0022502435952381026,0.0036716139285714318,0.0003194489285714416,-0.0073590545714285706,0.002033817595238091,0.09062640000000001
REL00149,PiteEnergi,0.97680743,1.0,0.011175596833333315,0.007881458500000011,-0.0013109715000000134,0.0031347851666666576,0.0,0.002311700999999993,0.0,0.02319256999999996
REL00152,Ronneby Miljöteknik,0.71485033,0.77894535,0.0021071202142857043,0.013018833047619052,-0.0018989561190476283,0.005476774714285733,-0.00040704511904762297,0.014958808214285715,0.030839485047619044,0.06409502
REL00156,Rödeby Elverk,0.64459858,0.72659169,-3.987961904764262e-05,0.03938400454761904,-0.0002959531190476211,0.0010973260476190604,-1.1926190476191101e-06,0.01802513188095239,0.02382367288095238,0.08199311
REL00157,Sala-Heby Energi,0.94129326,0.92983977,-0.03356483749999999,0.02193819766666663,0.00240122566666665,-0.009004355833333335,0.0,0.00659497016666665,0.00018130983333333186,-0.011453490000000066
REL00158,Sandhult-Sandared,1.0,0.90105137,0.01628155945238096,-0.1106044037142857,4.1142785714284955e-05,-0.004579632380952376,0.00019197745238096024,-0.006215977547619041,0.005936703952380952,-0.09894862999999997
REL00160,SEVAB,0.72276363,0.6675386,-0.006199942333333356,-0.044893817333333336,0.0006433948333333288,0.006698174500000006,0.0,-0.012563027833333339,0.0010901881666666724,-0.055225030000000015
REL00163,Sjogerstads El,0.72199815,0.64406203,0.0030100648809523838,-0.042669744619047635,-0.03748429445238096,0.0013985957142856995,-1.7192857142861185e-06,-0.014638238452380967,0.012449216214285718,-0.07793612000000005
REL00164,Sjöbo Elnät,0.77588094,0.89344866,-0.004226039500000001,-0.0005539750000000047,-0.00014701783333333262,-0.01516275916666664,1.3150000000004097e-06,0.0005247375000000062,0.137131459,0.11756772000000004
REL00167,Skurups Elverk,0.92789108,0.71763884,-0.0029909555476190603,-0.19018232588095238,-0.0001526300476190422,0.00240651111904762,0.0003182534523809619,-0.019805215214285722,0.0001541221190476299,-0.21025223999999995
REL00168,Skyllbergs Bruk,0.85962187,0.98678179,0.03625980583333332,0.11258358333333335,-0.004949359833333343,0.008862885333333332,3.5699999999527777e-07,-0.029128928333333325,0.0035315766666666583,0.12715991999999998
REL00169,Skånska Energi,0.91462011,0.80080507,-0.021544009499999996,-0.04968840566666666,-0.025290215166666657,-0.03718935716666667,-0.0001412879999999958,0.016017795000000005,0.004020440500000005,-0.11381503999999995
REL00170,Skövde Energi,0.96888083,0.95880173,0.0027993735476190434,-0.04011251945238096,0.0007306987142857171,-0.0032099961190476265,-4.45231190476112e-05,0.02949720988095238,0.0002606565476190421,-0.010079100000000014
REL00171,Smedjebacken Energi,0.91841626,0.90444398,-0.021004724380952387,0.0031528682857142965,0.004711594285714292,-0.008485704880952377,9.750911904764065e-05,0.000761742785714291,0.0067944347857142855,-0.013972279999999957
REL00173,Sollentuna Energi,0.98143702,0.97533042,-8.337547619048061e-06,-0.01097261104761904,0.0009123739523809499,0.0033865194523809605,0.0006074666190476368,-1.935421428570091e-05,-1.2657214285715668e-05,-0.0061065999999999595
REL00175,Staffanstorps Energi,0.72982287,0.56311147,0.000316790738095237,-0.0824398685952381,-0.031285499928571436,-0.0002742537619047945,-6.682959523810983e-05,-0.0528614390952381,-0.00010029976190476096,-0.16671140000000007
REL00177,Sturefors El,1.0,0.92526671,0.028549464452380952,-0.09041918388095237,-0.006167094214285716,-0.027472897214285717,-0.005302942880952368,0.027310681619047622,-0.0012313178809523805,-0.07473328999999998
REL00178,Sundsvall Elnät,0.77080442,0.94363409,0.007901851047619052,0.16073241521428575,-0.0049146884523809786,0.003630909380952376,0.00023018088095236704,0.004153696380952359,0.0010953055476190432,0.17282967
REL00182,Njudung Sävsjö,0.91292649,0.72208265,0.04069655697619045,-0.22316186535714289,-0.0010031206904761835,0.0020149151428571492,-0.00020640585714284775,-0.012176781357142879,0.002992861142857162,-0.19084384000000001
REL00183,Söderhamn Elnät,0.81452617,0.94260781,-0.011519859595238085,0.0908093095714286,0.002582991738095227,0.009446427071428566,-4.3176428571426565e-05,0.036092046904761914,0.0007139007380952283,0.12808164000000005
REL00184,Södra Hallands Kraft,0.72354038,0.68042067,-0.01744379366666668,-0.007581042833333341,-0.0011292244999999961,-0.016517447166666685,0.0,-0.00876538666666666,0.008317184833333328,-0.04311971000000003
REL00185,Sölvesborg Energi,0.79947064,0.66462033,-0.009280714714285702,-0.11455925404761907,0.002122011785714289,-0.027296502880952384,-0.02216958804761904,0.03467193028571427,0.0016618076190476146,-0.13485031000000003
REL00186,Telge Nät,0.99673209,1.0,0.009192161190476195,-0.005865361476190475,-0.0016580244761904735,0.0028357446904761978,1.522419047620167e-05,-0.003651544976190467,0.0023997108571428612,0.00326791000000004
REL00187,Tibro Elnät,0.87468664,0.8275159,-0.0019337152142857167,-0.07423410921428572,0.0012016102857142978,0.0017730001190476164,6.546619047620175e-06,0.009058710619047622,0.0169572167857143,-0.04717074
REL00191,Trollhättan Energi,1.0,0.92782617,-0.021498650166666668,-0.02764612133333334,-0.012257244666666663,0.0010486618333333322,3.305033333333799e-05,-0.011853989999999984,4.6400000000001993e-07,-0.07217382999999998
REL00193,Töre Energi,0.75682245,0.96596503,0.0009563272619047619,-0.06903959057142854,-0.0003315807380952348,0.004697691928571422,5.2324285714278055e-06,0.049276970928571404,0.22357752876190476,0.20914258
REL00195,Uddevalla Energi,0.92271552,0.9432062,-0.012725137952380942,0.01825177254761903,0.0018993938809523654,-0.013628412452380946,-6.823295238094958e-05,0.026671097214285705,9.01997142857158e-05,0.02049067999999998
REL00201,Vallebygdens Energi,0.88075667,0.85949229,0.0036622800714285818,-0.03956198126190475,-0.0022176192619047584,0.0043079299047619184,-1.4354285714258617e-06,-0.014695605261904757,0.027242051238095217,-0.021264379999999968
REL00203,Vara Energi,0.84237807,0.69818363,-0.00569171183333333,-0.061487628833333315,-0.004782844666666665,-0.0671994503333333,0.0,-0.00638811266666664,0.0013553083333333305,-0.14419443999999992
REL00204,Varberg Energi,0.86363367,0.87793174,-0.016940403785714302,0.005660509380952371,0.0036864888809523704,0.004960468714285715,0.00021071688095236364,0.012717943880952372,0.004002346047619043,0.014298069999999932
REL00205,Varbergsortens Elkraft,0.69162549,0.6968612,-0.0009895905000000087,-0.007573975833333344,-0.0013551438333333282,-0.009428217333333322,2.9099999999988263e-07,0.0134436015,0.01113874500000001,0.005235710000000006
REL00235,Värnamo Elnät,0.91394497,0.77984956,-0.027816627357142847,-0.06587971369047617,0.0005903303095238212,-0.017398890857142836,7.922380952381672e-05,-0.02477759602380951,0.0011078638095238177,-0.1340954099999999
REL00239,Västerviks Elnät,0.93181856,0.96278549,-0.02181418364285713,0.0324739271904762,0.002281595690476202,-0.011055326976190464,-3.6269642857144383e-05,0.025373560190476197,0.003743627190476197,0.030966930000000052
REL00242,Västra Orust Energi,0.72592336,0.70394294,-0.0036035109999999933,-0.02352865449999999,0.0027676469999999968,0.006259912666666662,0.0,-0.017555958333333364,0.013680144166666677,-0.021980420000000007
REL00243,Växjö Energi,0.82489394,0.81634968,0.0024510979285714083,0.03941406542857141,0.0015818285952380856,-0.06942176040476193,3.412709523808349e-05,0.017396295928571427,8.542857142695717e-08,-0.008544260000000086
REL00244,Ystad Energi,0.78718707,0.74337385,0.03503211923809523,-0.08295086109523811,0.002165875738095238,-0.0060151249285714135,-6.837761904768381e-06,0.0047897160714285725,0.0031718927380952494,-0.04381322000000001
REL00246,Ålem Energi,0.71352995,0.70174812,-0.004830741499999998,-0.03027098266666668,0.0017389058333333505,-0.006306110666666662,0.0,0.012613511833333344,0.015273587166666663,-0.011781829999999978
REL00249,Årsunda Kraft,0.79924067,0.71995355,-0.02084089516666661,-0.0559296915,0.0006811650000000038,0.01278235850000001,0.0,-0.016496185666666663,0.000516128833333331,-0.07928711999999993
REL00255,Östra Kinds Elkraft,1.0,0.97580284,0.007152436000000005,-0.04792710099999999,-0.007841098833333332,0.022239164999999988,0.0,-0.012367461000000017,0.014546899833333318,-0.024197160000000027
REL00257,Övik Energi,,,,,,,,,,
REL00267,Mälarenergi,0.85651881,0.87874683,-0.022547504452380934,0.05888415538095236,-0.011659201452380948,-0.008688288452380963,-0.00043487461904761224,-0.0011598909523809545,0.007833624547619059,0.02222802000000001
REL00332,Tidaholms Elnät,0.67782488,0.7312273,-0.010872537952380934,0.08091964888095238,-0.000495973785714276,-0.01355917195238095,-1.7428571428385318e-07,-0.01300698678571429,0.010417615880952401,0.053402420000000034
REL00364,Österlens Kraft,0.80016531,0.6763535,-0.0028952827380952406,-0.09651538157142853,0.0011973939285714382,-0.0006471112380952418,-1.8147571428561686e-05,-0.0333613754047619,0.008428094595238099,-0.12381180999999994
REL00570,Västerbergslagens Elnät,1.0,1.0,-0.0017291177142857153,0.014642028952380957,-0.0018072360476190472,-0.002435294047619049,-0.003229545380952381,-0.003909425380952379,-0.0015314103809523814,2.3852447794681098e-18
REL00576,Härjeåns,0.91714833,0.91895976,-0.03780766652380951,0.07809466797619051,-0.009524202023809518,-0.00897867135714287,-0.0023701968571428578,-0.07758370585714287,0.059981204642857146,0.0018114300000000236
REL00584,Umeå Energi,0.73880649,1.0,-0.008888796333333325,0.2600353253333334,0.0017590525000000111,0.0023072149999999914,-0.0004921501666666723,-0.01217446083333333,0.01864732450000001,0.26119351000000013
REL00585,Götene Elförening,0.92390215,1.0,0.018223157000000007,0.006837268000000001,-0.0031776329999999905,0.02146864283333333,0.0,-0.024960144499999986,0.05770655966666666,0.07609785000000002
REL00590,LKAB Nät,0.77121513,0.84945874,0.022569846809523803,0.04596008714285713,-0.015471134857142872,0.015713924642857154,-0.002762185523809527,0.006953335309523817,0.00527973647619047,0.07824360999999999
REL00594,VänerEnergi,0.83277951,0.82860725,-0.004637312833333329,-0.021832242999999998,-0.004165666166666661,0.006193943666666678,-0.0038558068333333067,0.01962009750000002,0.004504727666666664,-0.004172259999999934
REL00824,Skellefteå Kraft,1.0,1.0,-0.0023801237619047594,0.001661849238095237,-0.000829511095238096,0.0008764182380952378,6.318157142857085e-05,-0.0010536634285714269,0.001661849238095237,6.505213034913027e-19
REL00885,Gävle Energi,0.89457287,1.0,0.03477515816666667,0.04781403683333335,-0.0037256954999999882,-0.0031751743333333303,8.123966666666726e-05,0.025929984333333336,0.0037275808333333323,0.10542713000000002
REL00886,Kraftringen,0.78255153,0.72594244,-0.00922658566666668,-0.03282595333333334,-0.010416969499999996,-0.031782215166666676,-0.00036570966666666434,0.0010688108333333421,0.026939532499999988,-0.05660909000000003
REL00899,Kvänumbygdens Energi,1.0,1.0,-0.000437224833333331,0.00952195416666666,0.0,-0.0038905148333333323,-0.0023309828333333334,-0.0038905148333333323,0.0010272831666666687,0.0
REL00904,Öresundskraft,0.8401326,0.78350938,-0.0060863207857142785,-0.028166967785714262,0.0007150438809523985,-0.03543635745238097,2.081388095237687e-05,0.009824609380952377,0.002505958880952371,-0.05662321999999999
REL00936,Njudung Vetlanda,0.86792055,0.80029162,-0.0009917400000000272,-0.009971447666666649,-0.0007134689999999901,-0.03778932383333336,6.403950000000397e-05,-0.02743049583333335,0.00920350683333333,-0.06762893000000005
REL00937,Tranås Energi,0.70924611,0.76285992,-0.0015327423333333472,0.05089618466666666,0.0011859085000000009,-0.0013866681666666622,0.0,-0.0020084951666666817,0.006459622499999993,0.05361380999999996
REL00938,Hedemora Elnät,0.65673916,0.67770735,0.007219227166666672,-0.007534987166666645,5.432000000001536e-06,6.851066666666386e-05,-1.639966666666659e-05,0.012515543500000014,0.008710863500000011,0.020968190000000053
REL00944,Linde Energi,0.97795858,1.0,0.0014073681666666648,0.016624343333333326,-0.000823760333333341,0.01042297516666665,0.0,-0.0225962155,0.017006709166666675,0.022041419999999978
REL00945,Gotlands Elnät,0.7371884,0.83762299,-0.0292096325,0.11853894233333336,-0.0009840443333333244,-0.04140778700000001,0.0,-0.009614203666666678,0.06311131516666668,0.10043459000000003
REL00958,Vimmerby Energi,0.76283231,0.7402775,0.03890039811904764,-0.043718096214285705,0.00018308328571429723,-0.01789043854761904,0.0002687547857142832,-0.011159250380952376,0.010860738952380967,-0.022554809999999932
REL00959,Åsele Elnät,0.94127234,0.84317042,-0.02265075366666668,-0.07898254733333335,-5.103200000002128e-05,0.004699368999999993,0.0,-0.006377506500000004,0.005260550499999994,-0.09810192000000006
REL00965,Sörbylunds Elnät,,,,,,,,,,
REL01010,Sandviken Energi,0.7825944,0.83314545,-0.014014228000000021,0.05618324383333332,0.0013104298333333159,0.005191253000000004,0.0,0.0010314074999999724,0.0008489438333333304,0.05055104999999992
REL01012,Brittedals Elnät,0.73617991,0.65679844,-0.0035443331904762075,-0.10065291202380958,-0.002137126023809519,0.004307373142857132,3.3521428571421054e-06,-0.009173091190476199,0.031815267142857144,-0.07938147000000007
REL03009,Dala Energi,0.76022507,0.7898605,-0.010688566000000009,-0.022381831,0.001114921166666662,-0.000515568333333312,0.0,0.036724847000000005,0.02538162716666666,0.029635430000000008
REL03015,Falu Elnät,0.73067811,0.79161843,-0.027459658333333373,0.0561094475,0.0024236883333333143,-0.022033326000000013,0.0,0.033252190499999994,0.018647977999999996,0.060940319999999916
REL03016,Vaggeryds Elverk,1.0,1.0,0.0,0.0,0.0,0.0,0.0,0.0,0.0,0.0
REL03019,Trelleborgs Elnät,0.71188881,0.67935576,-0.005580861119047613,-0.00031804778571431166,-0.00020199178571428175,-0.005456889452380968,-1.9838452380963658e-05,-0.0225170312857143,0.0015616098809523747,-0.03253305000000006
REL03028,E.ON,0.93811898,0.8505326,-0.007406256000000008,-0.0790798651666667,-0.0029293450000000185,-0.027112866833333336,-0.00579142783333333,0.023645526333333323,0.01108785449999999,-0.08758638000000007
REL03030,Vattenfall,0.86619524,0.81522464,-0.023572827547619052,-0.018545079880952407,-0.0048388418809524,-0.0333306808809524,-2.120714285714867e-06,0.028216365285714272,0.0011025856190476193,-0.05097060000000008
REL03035,Ellevio,0.91915218,0.86089906,-0.02290020576190473,-0.00593187259523808,0.0009515187380952434,-0.01805496192857141,-5.12274285714278e-05,-0.01982132309523809,0.007554952071428565,-0.058253119999999936
REL03038,Lidköping Elnät,0.91793806,1.0,-0.00857339049999999,0.06362855516666668,0.0002647286666666693,-0.007927952333333328,0.0,0.000612784666666666,0.03405721433333332,0.08206194000000003
REL03041,Hjo Elnät,0.82912672,0.77223568,-0.0015244666190476147,-0.13038436395238093,0.0029985208809523893,0.007649203380952368,-0.00015012478571428434,0.048343692880952395,0.01617649821428571,-0.05689103999999995
REL03042,Skara Elnät,1.0,0.91378294,0.005479766833333334,-0.07809006116666667,-0.001716608499999992,-0.0031084378333333298,7.261966666666971e-05,-0.010217012333333312,0.0013626733333333416,-0.08621705999999996
REL03043,Karlsborgs Elnät,0.77858782,0.73756971,0.018849885047619055,-0.12223685328571422,0.0016504240476190456,0.006864203047619033,2.4210476190463423e-06,0.0103404922142857,0.043511317880952395,-0.041018109999999934
REL03044,Ulricehamn Energi,0.78377049,0.79172447,0.009564360857142852,-0.03463352564285714,-0.0010665003095238074,0.0024421871904761984,-0.0001271424761904811,-0.008837346642857132,0.04061194702380952,0.007953980000000013
REL03047,Karlshamn Elnät,0.96002403,0.79814099,-3.794728571428229e-05,-0.1728881821190476,0.0023091973809523905,0.007712804714285723,7.434238095238788e-05,0.0002733012142857134,0.0006734437142857135,-0.16188303999999998
REL03049,Alingsås Energi,0.75528769,0.77354565,-0.007490818857142856,0.019342593142857127,0.002715013309523817,0.010561494976190485,9.304597619048141e-05,-0.008793373190476185,0.0018300046428571454,0.018257960000000018
REL03050,Näckåns Elnät (Viggafors),1.0,0.9265549,0.019998146166666658,-0.06713797383333335,2.766450000000198e-05,0.009908914499999984,0.0,-0.03624185133333335,0.0,-0.07344510000000005
