REId,name_short,urbanity_index,req_full,kr_full,eff_offA,req_offA,kr_offA,eff_offB,req_offB,kr_offB,dA_pp,dB_pp,dA_kr,dB_kr,req_full_pp
REL00001,Ale El,0.4615727539076177,0.014459271066643797,19372.95424994832,0.70098047,0.013460527666301347,18016.80617538568,0.69450197,0.013788831456705175,18462.298137510606,0.099874340034245,0.06704396099386223,1356.1480745626432,910.6561124377149,1.4459271066643797
REL00003,Almnäs Bruk,0.015125576142664845,-0.00434596521942332,-202.53642573680096,1.0,-0.0049912112857991575,-232.4569975977929,1.0,-0.005055169969825468,-235.42070462800592,0.06452460663758375,0.07092047504021481,29.92057186099194,32.88427889120496,-0.434596521942332
REL00004,Alvesta Elnät,0.32650141977393043,0.009534167166133312,7190.29273414248,0.75038185,0.010481228516169505,7912.018511312891,0.62801925,0.017753432985715856,13499.43526516331,-0.09470613500361935,-0.8219265819582544,-721.7257771704108,-6309.142531020831,0.9534167166133312
REL00005,Arvika Teknik,0.40983150447095534,0.005766547273241107,4628.787562238302,0.82671617,0.005825175236117586,4676.122167016229,0.83785064,0.005078549477262273,4073.7304442506024,-0.005862796287647853,0.06879977959788341,-47.33460477792687,555.0571179876993,0.5766547273241107
REL00007,Bengtsfors Energi,0.780669021229811,0.013305962918163994,2999.2114884563553,0.69483452,0.013829345115664138,3118.815547838795,0.71373415,0.012633228446782496,2845.6597862893695,-0.0523382197500144,0.06727344713814976,-119.60405938243957,153.5517021669857,1.3305962918163994
REL00008,Bergs Tingslags,0.0818596587474957,0.0065875059668008,9410.110549267956,0.84179107,0.00489798786184914,6984.859342143969,0.77439058,0.008962413085047638,12833.055056726596,0.16895181049516594,-0.23749071182468384,2425.251207123987,-3422.94450745864,0.65875059668008
REL00010,Bjäre Kraft,0.3595331671388079,0.00631316776020574,8584.973825999885,0.81955235,0.006264891366757563,8518.913806537617,0.77966008,0.008641615128456959,11778.711541595305,0.004827639344817669,-0.23284473682512186,66.06001946226752,-3193.73771559542,0.631316776020574
REL00011,Bjärke Energi,0.12666131762144237,0.012144139753799132,9353.37076445871,0.742101,0.010982470055965532,8448.836932869612,0.64385629,0.01681321585061757,13010.076521965333,0.11616696978336005,-0.46690760968184364,904.5338315890986,-3656.705757506623,1.2144139753799132
REL00012,Upplands Energi,0.13847501989843136,0.01034893449534846,17574.734416576262,0.76879477,0.009364009669548201,15886.464153245899,0.76213744,0.009707182126159841,16474.324144181846,0.09849248258002596,0.06417523691886196,1688.2702633303634,1100.410272394416,1.034893449534846
REL00014,Blåsjön Nät,0.03950245512731405,0.0015160415972994556,352.8329869666287,0.93593657,-0.0009513595792168816,-220.86717708678503,0.90660466,0.0008192346070499124,190.53016092275095,0.24674011765163373,0.06968069902495433,573.7001640534138,162.30282604387776,0.15160415972994556
REL00015,Bodens Energi,0.255621661375014,-0.00434596521942332,-7345.1143708159,1.0,-0.0049912112857991575,-8430.203245864956,1.0,-0.005055169969825468,-8537.683996645039,0.06452460663758375,0.07092047504021481,1085.0888750490558,1192.569625829139,-0.434596521942332
REL00016,Boo Energi,0.6515815235260848,-0.00434596521942332,-4717.369199116233,1.0,-0.0049912112857991575,-5414.263022553254,1.0,-0.005055169969825468,-5483.292088355469,0.06452460663758375,0.07092047504021481,696.8938234370207,765.9228892392357,-0.434596521942332
REL00017,Borgholm Energi,0.5924862995487604,0.010976497542894759,4626.283124908061,0.73482278,0.011422407422429393,4816.368655777632,0.74484383,0.010755524238933667,4532.147559165498,-0.04459098795346339,0.02209733039610917,-190.0855308695709,94.1355657425629,1.0976497542894759
REL00018,Borlänge Energi,0.3931206619692218,-0.00434596521942332,-8454.108251354446,0.92688051,-0.00038422044380892473,-750.3823131307172,0.92278828,-0.00019128925536959773,-373.6598930714125,-0.39617447756143953,-0.41546759640537223,-7703.725938223729,-8080.4483582830335,-0.434596521942332
REL00019,Borås Elnät,0.7054379966727088,-0.0006606943308916646,-1902.2397519464503,0.92744418,-0.00041949232440341433,-1208.073740253562,0.9413695,-0.0013553134481166795,-3899.4445690493917,-0.02412020064882503,0.06946191172250149,-694.1660116928883,1997.2048171029414,-0.06606943308916646
REL00021,Bromölla Energi,0.7071637131121385,0.00914744498684339,3617.5206122396967,0.7719792,0.009170415075530292,3626.687847348633,0.78253693,0.008466348276004565,3345.8891296160114,-0.00229700886869022,0.06810967108388244,-9.167235108936438,271.6314826236853,0.9147444986843389
REL00023,C4 Elnät,0.6492845695875491,0.008710722131186177,22627.4469328397,0.79576537,0.007720819472948337,20036.178374692172,0.77860265,0.008706014170114296,22615.110806660334,0.09899026582378401,0.0004707961071881428,2591.268558147527,12.336126179365237,0.8710722131186177
REL00024,Carlfors Bruk,0.5812452346347495,,,,,,,,,,,,,
REL00025,Degerfors Energi,0.5325036409985427,0.003993786519288278,1433.1217093291261,0.87607399,0.0027797960432853763,996.2857817216759,0.86663213,0.0033021328415949736,1184.110925043556,0.12139904760029019,0.06916536776933047,436.83592760745023,249.01078428557003,0.3993786519288278
REL00029,Övertorneå Energi,0.10865084797039593,0.004166698180697814,1602.0676462212455,0.89008084,0.001910498330039534,732.91838520294,0.86383154,0.003475402230165736,1335.3455308334965,0.22561998506582803,0.06912959505320782,869.1492610183054,266.722115387749,0.41666981806978143
REL00030,Eksjö Elnät,0.710899219076176,0.007172978012782272,3432.4127633432754,0.80715507,0.007024478764954267,3360.8538009466542,0.81490814,0.006487862306674419,3102.4450178617453,0.01484992478280045,0.06851157061078528,71.55896239662115,329.9677454815301,0.7172978012782272
REL00031,Emmaboda Elnät,0.33981344596867397,0.01794631515848022,12365.507087285278,0.64995881,0.01651020770651601,11359.664909177583,0.55806811,0.018244601098569957,12574.784421762006,0.1436107451964208,-0.029828594008973752,1005.842178107694,-209.27733447672836,1.794631515848022
REL00033,Halmstads Energi,0.7213165758641212,-0.00434596521942332,-14033.489942786307,1.0,-0.0049912112857991575,-16106.648105650793,1.0,-0.005055169969825468,-16311.999575889078,0.06452460663758375,0.07092047504021481,2073.1581628644853,2278.5096331027707,-0.434596521942332
REL00035,Eskilstuna Energi,0.6594567163454585,-0.0015058308453260727,-4574.199515272333,0.92830331,-0.0004732599189404274,-1439.0870972424004,0.95495547,-0.002208992448302971,-6705.447503234242,-0.10325709263856453,0.07031616029768983,-3135.1124180299325,2131.2479879619086,-0.15058308453260727
REL00037,Falbygdens Energi,0.23982615262416893,0.014911419106376167,32094.718650882693,0.70352974,0.013307428174452962,28596.45180612515,0.68598453,0.01429935826434603,30758.513290321072,0.16039909319232049,0.061206084203013766,3498.2668447575415,1336.2053605616202,1.4911419106376167
REL00038,Falkenberg Energi,0.5838438823782954,0.003133569228660482,4698.048635164479,0.84909162,0.004448040858629154,6677.560762505754,0.8699245,0.0030983227039256267,4645.041053019108,-0.1314471629968672,0.0035246524734855456,-1979.5121273412751,53.00758214537018,0.3133569228660482
REL00040,Filipstad Energi,0.7299417943414745,0.013291503139298833,4409.466957304541,0.69503089,0.01381756720780336,4586.401157437062,0.7122692,0.012721392100549123,4217.9268659713125,-0.052606406850452814,0.05701110387497099,-176.93420013252035,191.5400913332287,1.3291503139298833
REL00043,Gislaved Energi,0.5458264361781426,-0.001965313441928629,-1078.4176820469372,0.96448262,-0.002745416224013586,-1505.3052536844345,0.94674506,-0.0016928267696911803,-929.1504318023075,0.07801027820849571,-0.02724866722374486,426.88757163749733,-149.26725024462974,-0.1965313441928629
REL00049,Grästorps Energi,0.0958039172336703,0.004172390431132822,2122.7029860662024,0.86820274,0.0032673136466319086,1660.7415371834095,0.86274576,0.0035425540934153066,1801.1390699521817,0.09050767845009133,0.06298363377175153,461.96144888279287,321.5639161140207,0.4172390431132822
REL00062,Göteborg Energi,0.8129091780393851,-0.00434596521942332,-70866.24972482334,1.0,-0.0049912112857991575,-81335.27380134189,1.0,-0.005055169969825468,-82372.25666380842,0.06452460663758375,0.07092047504021481,10469.024076518544,11506.006938985083,-0.434596521942332
REL00064,Habo Kraft,0.33972700293199953,0.014793899335287186,9432.293674077257,0.6787072,0.014795233759308024,9433.157063360572,0.65303979,0.016266810703186696,10386.679102658996,-0.00013344240208379432,-0.14729113678995098,-0.863389283314973,-954.3854285817397,1.4793899335287186
REL00067,Hallstaviks Elverk,0.8282373008848324,0.013843377515870836,2301.8892635955553,0.7552034,0.010189035172093908,1688.0620693386736,0.70478057,0.01317171369847614,2188.733866138453,0.36543423437769285,0.06716638173946965,613.8271942568817,113.15539745710248,1.3843377515870836
REL00072,Herrljunga Elektriska,0.1651894210587691,0.006551426099816293,3860.0277642715046,0.83625902,0.005238536716512199,3082.4383370918363,0.82505911,0.005865038686411195,3453.244836210047,0.13128893833040944,0.06863874134050985,777.5894271796683,406.78292806145737,0.6551426099816293
REL00074,Hjärtums Elförening,0.17817858948355703,0.006141034132841616,1371.299592374678,0.81268,0.006686175983779519,1493.8444883740087,0.83175119,0.005453805322141347,1217.004010410118,-0.054514185093790246,0.06872288107002689,-122.54489599933072,154.29558196455991,0.6141034132841616
REL00075,Hofors Elverk,0.29048140062204436,-0.00434596521942332,-2224.272014617918,1.0,-0.0049912112857991575,-2552.862244299632,1.0,-0.005055169969825468,-2585.4099234780715,0.06452460663758375,0.07092047504021481,328.59022968171394,361.1379088601534,-0.434596521942332
REL00077,Härnösand Elnät,0.2721465399896664,0.0085977079934898,11258.483658636007,0.81918664,0.006287323231105368,8214.093132448419,0.79156893,0.007915495469874134,10358.074692402352,0.2310384762384432,0.06822125236156662,3044.390526187588,900.4089662336555,0.85977079934898
REL00078,Härryda Energi,0.5336043209011583,0.017610301314248566,32744.732179122413,0.64622637,0.016732229362477424,31084.733293597918,0.64162101,0.01694607861450903,31488.75003795784,0.08780719517711422,0.06642226997395362,1659.9988855244956,1255.9821411645717,1.7610301314248566
REL00080,Höganäs Energi,0.5101262378188598,0.009559350257908772,15319.908938232187,0.78000422,0.008682046315052983,13901.731799705023,0.75873196,0.009913881261285562,15893.717529016143,0.08773039428557894,-0.03545310033767901,1418.177138527164,-573.8085907839559,0.9559350257908772
REL00083,Jukkasjärvi,0.13418234173639132,0.014163216451622551,6347.347374159719,0.7081407,0.01303033499450823,5833.026767404634,0.61501911,0.018244601098569957,8209.886947432933,0.11328814571143209,-0.4081384646947406,514.3206067550855,-1862.539573273214,1.4163216451622551
REL00085,Jämtkraft,0.21972301033536956,0.007754680934274116,51543.0886709615,0.81612847,0.006474846100989584,42981.35838439316,0.8046807,0.00711421067982565,47255.79553445784,0.12798348332845322,0.06404702544484664,8561.730286568338,4287.293136503664,0.7754680934274116
REL00086,Jönköping Energi,0.45443158209807083,0.004852897310430704,21829.581967517646,0.87666804,0.002742973802550397,12312.596631672224,0.85270314,0.004163018566410992,18713.415309286607,0.2109923507880307,0.06898787440197118,9516.985335845422,3116.166658231039,0.4852897310430704
REL00087,Kalmar Energi,0.729158968138237,-0.0002747711968222877,-433.5201407188798,0.92959689,-0.0005542334042767383,-874.1971822923791,0.93529191,-0.0009741337306217179,-1535.8645838012926,0.02794622074544506,0.06993625337994303,440.6770415734993,1102.344443082413,-0.027477119682228768
REL00090,Karlskoga Elnät,0.4999663381423628,0.00799823971328495,14792.154496563937,0.80216356,0.007329826256609051,13546.915241274302,0.79029277,0.007993382014931605,14783.098730610123,0.06684134566758981,0.0004857698353344375,1245.2392552896345,9.055765953813534,0.7998239713284949
REL00091,Affärsverken Karlskrona,0.7247406334585721,0.014769787591684791,29621.183210548308,0.67343357,0.015110481549572619,30314.779420188243,0.6846629,0.014378506387394241,28825.17836064379,-0.034069395788782764,0.039128120429055,-693.5962096399344,796.0048499045188,1.476978759168479
REL00092,Karlstads Elnät,0.6400361003181406,-0.0013988127483396395,-3209.843521684513,0.91209618,0.0005395846779407965,1240.5827089952331,0.95182109,-0.0020118481606057337,-4613.741330592251,-0.1938397426280436,0.061303541226609415,-4450.426230679746,1403.8978089077382,-0.13988127483396395
REL00093,Tekniska verken Katrineholm,0.06512717260953974,-0.000201956014861282,-338.1860699593809,0.98834486,-0.00425257064995388,-7092.368669857871,0.91972853,0.0,0.0,0.40506146350925976,-0.0201956014861282,6754.1825998984905,-338.1860699593809,-0.0201956014861282
REL00098,Kristinehamns Elnät,0.4365091791867858,0.016589990395437404,18919.634811228556,0.65384728,0.016278749878887888,18558.911564015336,0.6441326,0.01679678864860512,19159.43415587418,0.03112405165495158,-0.020679825316771705,360.72324721322,-239.79934464562393,1.6589990395437404
REL00100,Kungälv Energi,0.2969249237750778,0.004528433991197067,9661.571306945476,0.83284279,0.005448664539604131,11635.617637176689,0.85796795,0.0038378856171241704,8182.609931091154,-0.09202305484070639,0.06905483740728968,-1974.0463302312128,1478.961375854322,0.4528433991197067
REL00103,Landskrona Energi,0.753839736495728,0.002650205521006699,4655.3090761066505,0.89105418,0.0018500064421265172,3247.0926803003968,0.8431013,0.0047551766668259,8370.469092764695,0.08001990788801816,-0.2104971145819201,1408.2163958062538,-3715.1600166580447,0.2650205521006699
REL00106,Lerum Energi,0.5986447026154679,0.004024170871655963,6588.035615545237,0.8462036,0.004626107390891532,7578.035792785136,0.86614011,0.0033325800723220667,5452.049183364186,-0.06019365192355686,0.06915907993338966,-990.0001772398991,1135.986432181051,0.4024170871655963
REL00111,Tekniska verken Linköping,0.0896313106478756,-0.002586823150839579,-12084.294767610721,1.0,-0.0049912112857991575,-23260.353814316433,0.95746686,-0.0023670366645236474,-11059.996977198149,0.24043881349595786,-0.021978648631593156,11176.059046705712,-1024.2977904125728,-0.2586823150839579
REL00112,Ljungby Energi,0.6882063203235967,0.00495123220254845,3985.4797214474274,0.83725615,0.005177179708368174,4168.297203312548,0.81794578,0.00630160588737283,5079.313324805435,-0.022594750581972356,-0.13503736848243797,-182.8174818651205,-1093.8336033580072,0.495123220254845
REL00113,Ljusdal Elnät,0.29418893428541065,0.005494820076471285,3303.7176506232054,0.84932775,0.004433477612096448,2662.766190990782,0.83822676,0.005055395721971667,3038.18185279766,0.1061342464374837,0.04394243544996179,640.9514596324234,265.53579782554516,0.5494820076471285
REL00118,Luleå Energi,0.3161341185758817,-0.00434596521942332,-13447.978127338143,1.0,-0.0049912112857991575,-15434.63901799174,1.0,-0.005055169969825468,-15631.422718371326,0.06452460663758375,0.07092047504021481,1986.6608906535967,2183.4445910331833,-0.434596521942332
REL00121,LEVA i Lysekil,0.20780649122228856,0.00960144988483913,8664.298720455856,0.80521851,0.007142977642355719,6429.958982843615,0.77506664,0.008921272841565298,8045.036657154837,0.24584722424834116,0.0680177043273833,2234.339737612241,619.2620633010192,0.960144988483913
REL00123,Malung-Sälens Elnät,0.13913269422598087,0.018244601098569957,53706.627416466086,0.54561494,0.018244601098569957,53706.627416466086,0.50005324,0.018244601098569957,53706.627416466086,0.0,0.0,0.0,0.0,1.8244601098569957
REL00126,Mellersta Skånes Kraft,0.13694612344645912,0.012596431312691392,4277.753929138234,0.73503743,0.011409440958719097,3870.0551394498207,0.72553348,0.011922279798743052,4046.083250401675,0.11869903539722948,0.067415151394834,407.69878968841294,231.67067873655878,1.2596431312691392
REL00127,Mjölby Kraft,0.2627599154232074,0.010819195914448576,13988.231038068248,0.76220793,0.009764097625856838,12610.773080404568,0.71567631,0.012516309817200089,16209.930157075738,0.10550982885917382,-0.16971139027515125,1377.4579576636806,-2221.6991190074896,1.0819195914448576
REL00128,Mölndal Energi,0.720588911456151,-0.0022929932717358215,-3527.288020914022,0.97084943,-0.0031468797017187855,-4836.681020325226,0.96642366,-0.002931309317436681,-4506.32566981939,0.0853886429982964,0.06383160457008596,1309.392999411204,979.0376489053679,-0.22929932717358215
REL00130,Nacka Energi,0.5801370150945139,0.010857687000427774,33096.39032327558,0.76567933,0.009553302339044167,29082.407733164695,0.74492732,0.010750470889102415,32766.061126834073,0.13043846613836063,0.010721611132535891,4013.9825901108816,330.3291964415039,1.0857687000427774
REL00133,Norrtälje Energi,0.32433028905970385,0.01304192621415945,21744.337302252556,0.77066796,0.009250144239327796,15364.068451153587,0.71812791,0.012368664886150738,20607.953995862692,0.3791781974831654,0.06732613280087119,6380.268851098968,1136.3833063898637,1.304192621415945
REL00135,Nossebroortens Energi,0.1355269581905896,0.017100046160582583,7322.287322273286,0.66718693,0.015483514482008909,6619.375443046891,0.63026855,0.017620054726136924,7548.880663913281,0.16165316785736739,-0.05200085655543418,702.9118792263953,-226.59334163999483,1.7100046160582583
REL00137,Nybro Elnät,0.5100147716117275,0.009992275985329702,8578.808624977375,0.75722192,0.010066634428298249,8643.291285194642,0.74488026,0.010753319271199047,9239.226399994845,-0.007435844296854732,-0.0761043285869345,-64.48266021726704,-660.4177750174695,0.9992275985329702
REL00139,Näckåns Elnät,0.08000138749726037,0.008952010292712531,2642.3182299346126,0.82611649,0.005862005787750091,1724.919508828404,0.78574955,0.008270517183189607,2439.502413871988,0.30900045049624403,0.06814931095229237,917.3987211062085,202.81581606262444,0.8952010292712531
REL00141,Nässjö Affärsverk,0.7313578624518247,0.004434596259398571,3180.1495737903806,0.86840595,0.0032547364668122913,2331.293137961755,0.85880453,0.0037861927888316327,2713.404790748059,0.11798597925862797,0.06484034705669384,848.8564358286258,466.7447830423216,0.4434596259398571
REL00143,Olofströms Kraft,0.22047470693220123,0.002045763244173937,3233.458673599828,0.88845955,0.0020112351972998432,3178.775144953963,0.84902926,0.0043897152935732375,6954.505586069634,0.003452804687409383,-0.23439520493993005,54.68352864586541,-3721.0469124698056,0.2045763244173937
REL00144,Olseröds El,0.13165913294990758,0.014913662847380715,3445.486402356124,0.70827078,0.013022514607900382,3002.8925288436394,0.64596041,0.016688101498063546,3862.2798888460416,0.18911482394803336,-0.17744386506828302,442.5938735124846,-416.79348648991754,1.4913662847380715
REL00146,Oskarshamn Energi,0.4736908711788834,0.002446168648473801,2693.398506506762,0.8633124,0.003569846571654267,3935.0637857008246,0.85998838,0.003713028269134222,4093.479917497404,-0.11236779231804661,-0.1266859620660421,-1241.6652791940628,-1400.0814109906423,0.2446168648473801
REL00147,Oxelö Energi,0.5410970335215576,-0.00434596521942332,-1601.0484236644384,1.0,-0.0049912112857991575,-1837.5702455486266,1.0,-0.005055169969825468,-1860.998320037766,0.06452460663758375,0.07092047504021481,236.52182188418828,259.94989637332765,-0.434596521942332
REL00148,Partille Energi,0.7371457371200312,0.002227680876954352,2678.249164540804,0.90157494,0.0011954536892704315,1435.7620426548763,0.89515437,0.0015323592133129615,1841.0119651298542,0.10322271876839206,0.06953216636413906,1242.4871218859278,837.2371994109499,0.2227680876954352
REL00149,PiteEnergi,0.2931682576933454,-0.00434596521942332,-8699.087184034637,1.0,-0.0049912112857991575,-9984.197564886239,1.0,-0.005055169969825468,-10111.490943101886,0.06452460663758375,0.07092047504021481,1285.1103808516018,1412.4037590672488,-0.434596521942332
REL00152,Ronneby Miljöteknik,0.511226920074783,0.009365798776656664,11911.032953283795,0.74403634,0.010865390286837862,13838.887706038438,0.75255843,0.01028826680143391,13096.264464304762,-0.14995915101811974,-0.09224680247772454,-1927.8547527546434,-1185.2315110209674,0.9365798776656664
REL00156,Rödeby Elverk,0.2211617355344107,0.012532724821437968,6769.488151051758,0.71643147,0.012531532855265093,6768.836248553834,0.72443733,0.011988389618403206,6471.944473556374,0.0001191966172875425,0.05443352030347626,0.6519024979243113,297.54367749538415,1.2532724821437968
REL00157,Sala-Heby Energi,0.3219020513590485,6.729148872852697e-05,70.79609409952135,0.92660985,-0.0003672851104870034,-386.24578198831034,0.92983977,-0.0006325524308080643,-665.0307883736202,0.04345765992155304,0.06998439195365913,457.0418760878317,735.8268824731416,0.006729148872852697
REL00158,Sandhult-Sandared,0.4735282488611828,0.0018613697829623632,565.0340046061621,0.90563461,0.0009425362879960097,285.8518197160289,0.88483612,0.002173678034760984,660.0438307115437,0.09188334949663535,-0.031230825179862087,279.18218489013316,-95.00982610538165,0.18613697829623632
REL00160,SEVAB,0.33297028658512706,0.01606960665728141,33820.68102334143,0.68171932,0.014615042921363397,30714.64623794282,0.6675386,0.015402353859581108,32394.734790043796,0.1454563735918013,0.06672527977003018,3106.0347853986095,1425.9462332976327,1.606960665728141
REL00163,Sjogerstads El,0.19879010524233726,0.017465490973647135,6425.374998294128,0.6591453,0.01596313505490099,5863.857930971311,0.64285335,0.016872836022869597,6203.66581242437,0.15023559187461455,0.059265495077753805,561.5170673228167,221.70918586975768,1.7465490973647135
REL00164,Sjöbo Elnät,0.20876528470446468,0.002333561676257645,2059.5975019546922,0.87296264,0.002972587115149583,2625.277330502702,0.74086737,0.010996117358377688,9789.589947003062,-0.06390254388919381,-0.8662555682120043,-565.6798285480099,-7729.9924450483695,0.2333561676257645
REL00167,Skurups Elverk,0.7327227298350975,0.013071326386496551,5196.315374636148,0.74447956,0.010838571651990758,4299.106956737438,0.71756716,0.012402441140185294,4927.1131202675315,0.2232754734505793,0.06688852463112571,897.2084178987097,269.2022543686162,1.3071326386496551
REL00168,Skyllbergs Bruk,0.0,-0.003510015071289896,-624.3294155823394,1.0,-0.0049912112857991575,-886.4770523746072,0.97882038,-0.0037138787909288817,-660.4561752347217,0.14811962145092616,0.020386371963898586,262.1476367922678,36.12675965238236,-0.3510015071289896
REL00169,Skånska Energi,0.4253817802164335,0.008034614762995052,14666.101239609905,0.79679488,0.0076579368651477076,13973.262399114094,0.79975923,0.00741519509141475,13527.053089453575,0.037667789784734396,0.06194196715803013,692.8388404958114,1139.04815015633,0.8034614762995052
REL00170,Skövde Energi,0.7564508578565026,-0.0017473989904146503,-2472.142527201413,0.93079504,-0.0006292508733756197,-891.2321764949345,0.95870621,-0.0024450578534866985,-3456.7468492612206,-0.11181481170390306,0.06976588630720482,-1580.9103507064785,984.6043220598076,-0.17473989904146503
REL00171,Smedjebacken Energi,0.579249415632371,0.0016504447070404549,420.5779473115029,0.91085178,0.0006172248774976019,157.1231648919369,0.89528781,0.001524057332516815,388.32194409293186,0.1033219829542853,0.01263873745236399,263.45478241956596,32.25600321857104,0.1650444707040455
REL00173,Sollentuna Energi,0.8096284605885317,-0.0027875009417618335,-5999.7217052310825,0.97701021,-0.003535814119119629,-7604.672603744385,0.97533042,-0.0034933810972536117,-7513.728359949121,0.07483131773577956,0.07058801554917782,1604.9508985133025,1514.0066547180386,-0.27875009417618335
REL00175,Staffanstorps Energi,0.46501676896886485,0.018244601098569957,19691.109839233126,0.60971461,0.018244601098569957,19691.109839233126,0.56311147,0.018244601098569957,19691.109839233126,0.0,0.0,0.0,0.0,1.8244601098569957
REL00177,Sturefors El,0.2548569805112966,0.0003529276503966283,13.448090083194758,0.86611746,0.0033963495661328835,129.81026849656413,0.92526671,-0.00034631611074109614,-13.186937341000483,-0.3043421915736255,0.06992437611377245,-116.36217841336938,26.635027424195243,0.03529276503966283
REL00178,Sundsvall Elnät,0.6528525480766094,-0.0007957961521529722,-1912.6910699575494,0.90812338,0.0007873910971236686,1895.4881110440997,0.94363409,-0.0014974577127908617,-3596.6057536134635,-0.15831872492766408,0.07016615606378895,-3808.1791810016493,1683.9146836559141,-0.07957961521529722
REL00182,Njudung Sävsjö,0.4512369205970062,0.012804095118585934,5116.359379602329,0.73835815,0.011208781095777276,4471.7521238675245,0.71578316,0.01250987623876254,4997.322647371092,0.15953140228086582,0.029421887982339356,644.6072557348043,119.03673223123678,1.2804095118585934
REL00183,Söderhamn Elnät,0.5435234372448344,-0.0007315064799865434,-464.16639326297434,0.9020951,0.001163058431395525,739.4006851958377,0.94260781,-0.0014330324311278009,-908.6714144936101,-0.18945649113820684,0.07015259511412575,-1203.567078458812,444.50502123063575,-0.07315064799865434
REL00184,Södra Hallands Kraft,0.3058144070099035,0.015301205566038867,39163.861754607016,0.69197203,0.01400098536459149,35789.34962667577,0.67767199,0.014796861375699022,37853.88341188253,0.13002202014473774,0.05043441903398449,3374.5121279312443,1309.9783427244838,1.5301205566038867
REL00185,Sölvesborg Energi,0.768060816613854,0.016243436228400743,9498.768025275305,0.64918938,0.016555988631294927,9684.567399601221,0.66451838,0.01558260933097766,9106.313080734179,-0.031255240289418396,0.06608268974230835,-185.79937432591578,392.4549445411267,1.6243436228400743
REL00186,Telge Nät,0.3594876800062405,-0.00434596521942332,-16822.02024086372,1.0,-0.0049912112857991575,-19307.12613543451,1.0,-0.005055169969825468,-19553.28205266701,0.06452460663758375,0.07092047504021481,2485.105894570792,2731.2618118032915,-0.434596521942332
REL00187,Tibro Elnät,0.5341616340069177,0.006400821713703042,3212.488383463793,0.81812881,0.006352199802884817,3187.930678974966,0.80081381,0.007350722407766019,3692.7371058213694,0.004862191081822509,-0.09499006940629773,24.557704488826857,-480.2487223575763,0.6400821713703042
REL00191,Trollhättan Energi,0.44078524731348334,0.0001930923470685464,315.6019522118286,0.95489985,-0.002142080753738007,-3492.9816659282938,0.92782617,-0.0005064871639585133,-827.2546925178957,0.23351731008065535,0.06995795110270597,3808.5836181401223,1142.8566447297244,0.01930923470685464
REL00193,Töre Energi,0.29631087164558173,-0.0021977651162595757,-258.2316402377562,0.90482435,0.0009930307927858983,117.05140698932937,0.71100961,0.012797178368325612,1526.3515137438403,-0.3190795909045474,-1.4994943484585188,-375.2830472270856,-1784.5831539815965,-0.21977651162595757
REL00195,Uddevalla Energi,0.44265808989588495,-0.0007689901578926683,-1391.8279231830256,0.91877875,0.00012233848561127303,221.62306820014678,0.9432062,-0.0014705951710219933,-2659.8258115503704,-0.08913286435039414,0.0701605013129325,-1613.4509913831723,1267.9978883673448,-0.07689901578926683
REL00201,Vallebygdens Energi,0.11233988680931624,0.004434432201640748,1602.286125280004,0.87407956,0.0029033912985241273,1047.4726756547623,0.85228841,0.004188617165161501,1513.0941950706595,0.15310409031166206,0.024581503647924663,554.8134496252417,89.19193020934449,0.4434432201640748
REL00203,Vara Energi,0.2438579645372899,0.014238795009984706,7856.983577478573,0.70794706,0.013041976261610966,7187.970077186923,0.69818363,0.013567917503757077,7481.771748984636,0.11968187483737402,0.06708775062276295,669.0135002916504,375.211828493937,1.4238795009984706
REL00204,Varberg Energi,0.6375969534700405,0.0032952265682910653,5730.334477518836,0.8774641,0.0026936235933678887,4681.341533031218,0.87787609,0.002605576257695974,4527.922337010298,0.06016029749231766,0.06896503105950913,1048.992944487618,1202.412140508538,0.32952265682910653
REL00205,Varbergsortens Elkraft,0.19740553696696483,0.014318005222552443,22228.580113524895,0.68446047,0.014450978554032545,22438.00340351201,0.69669797,0.013657080278534961,21188.491728494617,-0.013297333148010182,0.06609249440174825,-209.42328998711673,1040.088385030278,1.4318005222552443
REL00235,Värnamo Elnät,0.5013049213425366,0.009310839749261834,10203.579891428964,0.7999587,0.007464616602593788,8165.2489493715075,0.7771149,0.0087965994528858,9635.077367775002,0.18462231466680468,0.0514240296376034,2038.330942057457,568.5025236539623,0.9310839749261834
REL00239,Västerviks Elnät,0.44640949627232435,-0.001997787984493682,-1759.7165612466058,0.94386616,-0.0014487474516379217,-1276.8046472527083,0.96278549,-0.0027019914232173647,-2378.326414745589,-0.054904053285576015,0.07042034387236829,-482.91191399389754,618.6098534989831,-0.1997787984493682
REL00242,Västra Orust Energi,0.13882593067110735,0.01389361031254932,7131.045924817377,0.72466691,0.012035328680542579,6165.7947052844265,0.70374915,0.013233690127257391,6787.853988103134,0.1858281632006742,0.0659920185291929,965.2512195329509,343.19193671424364,1.389361031254932
REL00243,Växjö Energi,0.7577014869053984,0.007084781469255397,19065.849528525905,0.80790529,0.006978561260521987,18778.005723044105,0.81634968,0.006399485502868618,17209.852345040614,0.010622020873340965,0.06852959663867786,287.8438054817998,1855.9971834852913,0.7084781469255397
REL00244,Ystad Energi,0.5990176207331452,0.011520791773340422,14206.787669579233,0.73954044,0.01113731047077815,13728.634704692571,0.74312368,0.010859621876812442,13382.619523438634,0.038348130256227186,0.066116989652798,478.1529648866617,824.1681461405988,1.1520791773340422
REL00246,Ålem Energi,0.35560004785331883,0.014025198595974286,4690.191512141489,0.6997457,0.013534658335605299,4523.929444373376,0.69934025,0.013498485967539553,4511.675715780209,0.04905402603689879,0.05267126284347334,166.2620677681125,178.51579636127917,1.4025198595974286
REL00249,Årsunda Kraft,0.18394757686224592,0.012932156258239846,2129.0367093533296,0.74147591,0.01102027663066929,1810.8163513652,0.71995355,0.012258675734116098,2016.8020949987636,0.19118796275705563,0.06734805241237485,318.22035798812954,112.23461435456602,1.2932156258239846
REL00255,Östra Kinds Elkraft,0.11093080736465062,-0.0028172768216707667,-1218.0820842314479,0.97807255,-0.0036029264532958516,-1556.5433761509632,0.89843421,0.0013282462985346744,576.66822861973,0.0785649631625085,-0.4145523120205441,338.46129191951536,-1794.750312851178,-0.28172768216707667
REL00257,Övik Energi,0.6555435991698733,,,,,,,,,,,,,
REL00267,Mälarenergi,0.35775291209121707,0.0032447799452177684,25891.00557519608,0.86817609,0.0032689630473152764,26084.600099690102,0.87421921,0.0028322770738367087,22590.20950517445,-0.002418310209750807,0.04125028713810597,-193.59452449402306,3300.796070021628,0.32447799452177684
REL00332,Tidaholms Elnät,0.22378315154773937,0.012253509433954424,9284.610735903003,0.7360653,0.011347343018429212,8590.211604407712,0.7312273,0.011578671624729031,8767.360777360915,0.09061664155252114,0.06748378092253926,694.3991314952909,517.2499585420883,1.2253509433954424
REL00364,Österlens Kraft,0.4264334924455975,0.01554399616137525,12514.945602060747,0.70319027,0.013327819461091739,10706.88045306232,0.67017783,0.015244758339658437,12270.34797231184,0.2216176700283512,0.029923782171681346,1808.0651489984266,244.5976297489069,1.554399616137525
REL00570,Västerbergslagens Elnät,0.3181146944984618,-0.00434596521942332,-13717.116920668494,1.0,-0.0049912112857991575,-15743.537506779963,1.0,-0.005055169969825468,-15944.259503843687,0.06452460663758375,0.07092047504021481,2026.4205861114697,2227.142583175193,-0.434596521942332
REL00576,Härjeåns,0.0898969303609096,0.0007464626804385421,2401.087740001247,0.95917634,-0.0024111952211850474,-7731.449998529672,0.86268236,0.0035464747549438513,11439.652482791014,0.31576579016235895,-0.2800012074505309,10132.537738530918,-9038.564742789767,0.07464626804385421
REL00584,Umeå Energi,0.40459722802605214,-0.00434596521942332,-21001.77285583489,1.0,-0.0049912112857991575,-24104.35083239025,0.99386401,-0.0046660236965800905,-22541.232144976642,0.06452460663758375,0.03200584771567705,3102.57797655536,1539.4592891417524,-0.434596521942332
REL00585,Götene Elförening,0.18726518845701703,-0.00434596521942332,-4945.814797409348,1.0,-0.0049912112857991575,-5676.456737587299,0.8540194,0.004081761386270699,4684.457756922383,0.06452460663758375,-0.8427726605694019,730.6419401779513,-9630.272554331732,-0.434596521942332
REL00590,LKAB Nät,0.771518744849712,0.005052689000639932,765.9717868978254,0.80713101,0.00702595126258676,1067.215954875791,0.83236087,0.005416314938033739,821.3949617930741,-0.19732622619468287,-0.03636259373938078,-301.24416797796573,-55.423174895248735,0.5052689000639932
REL00594,VänerEnergi,0.3923288454193193,0.006333898861602405,7440.914399677478,0.80928092,0.006894348973498721,8103.858416267884,0.82860725,0.005647065639015736,6629.484112231412,-0.056045011189631566,0.06868332225866691,-662.9440165904061,811.4302874460664,0.6333898861602405
REL00824,Skellefteå Kraft,0.16561972286974677,-0.00434596521942332,-25516.58672980586,1.0,-0.0049912112857991575,-29286.13516594016,1.0,-0.005055169969825468,-29659.518310246458,0.06452460663758375,0.07092047504021481,3769.5484361343006,4142.9315804406,-0.434596521942332
REL00885,Gävle Energi,0.5458427171833576,-0.00434596521942332,-14007.962660875652,0.98826459,-0.00424748926175933,-13691.902128134292,1.0,-0.005055169969825468,-16282.327625903874,-0.009847595766399042,0.07092047504021481,-316.06053274135957,2274.3649650282223,-0.434596521942332
REL00886,Kraftringen,0.3962879831650569,0.012571812476970479,126951.31512894333,0.72809653,0.011828470759327914,119356.22948502188,0.70574149,0.013113963269726137,132497.81551852357,0.0743341717642565,-0.05421507927556579,7595.085643921455,-5546.5003895802365,1.2571812476970479
REL00899,Kvänumbygdens Energi,0.08538360228844111,-0.00434596521942332,-3896.7259667627645,1.0,-0.0049912112857991575,-4472.386709698122,1.0,-0.005055169969825468,-4529.407337471599,0.06452460663758375,0.07092047504021481,575.6607429353576,632.6813707088345,-0.434596521942332
REL00904,Öresundskraft,0.6563609894472228,0.009088299500966457,77138.1973785267,0.76999139,0.009291275284439848,78876.9906028517,0.77765196,0.008763902061124318,74360.70334694869,-0.02029757834733914,0.0324397439842139,-1738.7932243249961,2777.4940315780113,0.9088299500966457
REL00936,Njudung Vetlanda,0.5592213755661645,0.008065942685318461,6467.639560655967,0.81165827,0.0067487643112977835,5404.342959508622,0.78585406,0.008264144669489548,6627.8804341906325,0.13171783740206777,-0.019820198417108692,1063.2966011473454,-160.2408735346653,0.8065942685318461
REL00937,Tranås Energi,0.3702696628485445,0.01034199462003138,9403.659038693662,0.75131071,0.010424957882613217,9479.88142544337,0.76285992,0.009663314128351974,8780.594526543562,-0.008296326258183662,0.06786804916794065,-76.22238674970686,623.0645121501002,1.034199462003138
REL00938,Hedemora Elnät,0.3181563655415601,0.015463197127431938,17726.179600434585,0.66274509,0.015748519621337387,18058.409486651333,0.67770735,0.014794746639082312,16948.571269359745,-0.028532249390544884,0.06684504883496256,-332.2298862167481,777.60833107484,1.5463197127431938
REL00944,Linde Energi,0.22298975338339688,-0.00434596521942332,-6251.437441054413,1.0,-0.0049912112857991575,-7174.958148547463,0.91414418,0.00034883929926143864,504.1479132010692,0.06452460663758375,-0.46948045186847587,923.5207074930495,-6755.585354255482,-0.434596521942332
REL00945,Gotlands Elnät,0.143250224546604,0.005780531776828246,31450.53197712628,0.84372121,0.004779088375657103,25975.884561874744,0.78307469,0.008433576087043981,46007.026076737675,0.10014434011711426,-0.26530443102157353,5474.647415251537,-14556.494099611395,0.5780531776828246
REL00958,Vimmerby Energi,0.5930732360569358,0.011707724454015134,6365.139827369371,0.75030027,0.01048617020940279,5694.057618760497,0.721449,0.012168552785840392,6618.727724844595,0.1221554244612344,-0.04608283318252582,671.0822086088747,-253.58789747522405,1.1707724454015134
REL00959,Åsele Elnät,0.30844366121337025,0.005439587811441271,958.6376306845284,0.85159915,0.004293357337613823,755.7666404003818,0.84317042,0.004750917685352629,836.6944779978712,0.11462304738274476,0.06886701260886419,202.87099028414661,121.94315268665719,0.5439587811441271
REL00965,Sörbylunds Elnät,0.0,,,,,,,,,,,,,
REL01010,Sandviken Energi,0.4106107500215127,0.006055467862471575,10245.172159141308,0.82233624,0.006094084350315443,10310.905083867106,0.83314545,0.0053680634479551514,9075.920089513498,-0.003861648784386773,0.06874044145164238,-65.73292472579851,1169.2520696278098,0.6055467862471575
REL01012,Brittedals Elnät,0.16619959012359106,0.01670891522186757,11873.48640982332,0.66839838,0.015411201999905755,10937.119470101265,0.64142144,0.016957938319865473,12053.445223338229,0.1297713221961816,-0.024902309799790245,936.3669397220547,-179.9588135149097,1.670891522186757
REL03009,Dala Energi,0.3380248106895206,0.008701761344082293,29453.75989286426,0.76022227,0.009884614366939992,33497.08400446901,0.77636699,0.008842128559416684,29933.076721226626,-0.11828530228576994,-0.014036721533439156,-4043.324111604754,-479.31682836236723,0.8701761344082293
REL03015,Falu Elnät,0.45032817224397464,0.008594692674706028,25592.145373308464,0.76127669,0.009820623253977923,29278.43092914899,0.77553367,0.008892849750208098,26487.854539472093,-0.12259305792718944,-0.029815707550207016,-3686.285555840528,-895.7091661636296,0.8594692674706028
REL03016,Vaggeryds Elverk,0.24732649924607664,-0.00434596521942332,-2891.209024887024,1.0,-0.0049912112857991575,-3318.325416812975,1.0,-0.005055169969825468,-3360.6323573136833,0.06452460663758375,0.07092047504021481,427.1163919259511,469.4233324266593,-0.434596521942332
REL03019,Trelleborgs Elnät,0.6516220904006325,0.0153647924317315,25778.309918181265,0.69227783,0.0139826531832421,23427.02274065344,0.67807843,0.014772553068363559,24770.005736810803,0.13821392484894002,0.059223936336794125,2351.2871775278254,1008.3041813704622,1.53647924317315
REL03028,E.ON,0.26990296798739494,0.004986573384783366,496064.2342153437,0.84280939,0.00483526309964688,480939.1134726838,0.8505326,0.004296970270453615,427167.8517042111,0.015131028513648559,0.0689603114329751,15125.1207426599,68896.38251113263,0.4986573384783366
REL03030,Vattenfall,0.2657402088408477,0.007153615841431593,665798.2516312023,0.80207849,0.007335027869236788,682806.410491354,0.81522464,0.006468460567421674,601617.436365665,-0.01814120278051945,0.06851552740099187,-17008.158860151656,64180.81526553724,0.7153615841431593
REL03035,Ellevio,0.2590984038780009,0.004347657202253163,308490.1762876988,0.88054527,0.0025025436677388324,177241.89644283484,0.86089906,0.0036567353632068755,259286.26614237105,0.1845113534514331,0.06909218390462879,131248.27984486395,49203.91014532774,0.43476572022531634
REL03038,Lidköping Elnät,0.27250456347022606,-0.00434596521942332,-8364.891732486047,1.0,-0.0049912112857991575,-9600.631640903865,0.99168963,-0.0045282333500619165,-8714.123669113756,0.06452460663758375,0.018226813063859648,1235.7399084178178,349.23193662770973,-0.434596521942332
REL03041,Hjo Elnät,0.6790996484925982,0.00977334080767478,3124.4904652810656,0.74034924,0.011088408962107943,3549.576250793917,0.75965326,0.009857974526743307,3151.8141951610332,-0.13150681544331633,-0.008463371906852757,-425.08578551285154,-27.323729879967686,0.977334080767478
REL03042,Skara Elnät,0.5448457037616468,0.00106913436142686,655.6556299814997,0.91502102,0.0003570278136963978,218.7944460583319,0.9056069,0.0008814357964410657,540.4464574400355,0.07121065477304622,0.01876985649857943,436.8611839231678,115.20917254146423,0.106913436142686
REL03043,Karlsborgs Elnät,0.4078532415623899,0.011871114123428228,5027.214972046912,0.73309522,0.011526746799984222,4879.700613207737,0.69373644,0.013834748109294637,5870.295999199781,0.03443673234440059,-0.19636339858664087,147.51435883917566,-843.081027152869,1.1871114123428228
REL03044,Ulricehamn Energi,0.2884625673365829,0.00858823310077761,8290.841639090795,0.79036994,0.008050180703275789,7767.240553340666,0.75621827,0.010066370904469268,9732.16942109539,0.05380523975018203,-0.14781378036916593,523.6010857501287,-1441.327782004595,0.8588233100777609
REL03047,Karlshamn Elnät,0.6651580206349894,0.008197130685899667,5221.217307746851,0.81644556,0.006455407438970662,4104.659682996044,0.79814099,0.007514103564984831,4782.890687315434,0.17417232469290056,0.06830271209148364,1116.557624750807,438.3266204314168,0.8197130685899667
REL03049,Alingsås Energi,0.6318960581143932,0.009693812640779953,11907.829029080316,0.78241401,0.008535258115118571,10472.526852268451,0.77354565,0.009013822491753976,11065.006144020163,0.11585545256613816,0.06799901490259774,1435.3021768118651,842.8228850601536,0.9693812640779953
REL03050,Näckåns Elnät (Viggafors),0.0,0.0002724912587865891,6.370065649084798,0.99655488,-0.004772706694816442,-111.01073554825996,0.9265549,-0.00042692144007072663,-9.973223406272044,0.5045197953603031,0.06994126988573157,117.38080119734475,16.34328905535684,0.02724912587865891
