REId,name_short,req_base_pp,dpp_losses,dkr_losses,dpp_nonctrl,dkr_nonctrl,dpp_capex_adj,dkr_capex_adj,dpp_cable,dkr_cable
REL00001,Ale El,1.5918971713609231,0.07408339275483122,1010.6066301877217,-0.3438983418187158,-4671.8671567287165,0.12114824978621819,1653.4124443485634,0.15230297007082783,2079.249757427504
REL00003,Almnäs Bruk,-0.43162308554863804,0.026679593077205688,12.383589944801003,-0.054816441224003754,-25.422807048347522,0.04605501151337954,21.381028129753645,0.16174828239505779,75.17871571955
REL00004,Alvesta Elnät,1.3319944240654191,-0.20417421133012148,-1563.0553407330772,0.4623686776904279,3563.1769772381394,-0.0933259761577876,-715.243996432042,-1.0650071552553486,-8083.73833258776
REL00005,Arvika Teknik,1.015832168014752,-0.04750498426500105,-386.7069347665429,-0.5201154992163781,-4214.057450629546,0.017271683270303484,140.6880929112649,-0.018172736522714672,-147.97551306784408
REL00007,Bengtsfors Energi,1.3739223058577554,-0.03891495050944993,-88.92494435616572,0.032658344168035036,74.68097696448422,-0.291817722040677,-665.1628106202834,0.12824561025246428,293.5422529466614
REL00008,Bergs Tingslags,0.985940477593994,-0.6402456857230288,-9207.362959750324,-0.28212553184012723,-4071.726936049001,0.8385196322630017,12237.491461531183,-0.7243404439278178,-10408.015117586921
REL00010,Bjäre Kraft,1.2808200071943832,-0.17496975038340246,-2421.292847436649,-0.2531318894855472,-3500.20854442525,0.1440157356255023,1999.2669281798371,-0.2154302433990507,-2980.0010901977603
REL00011,Bjärke Energi,1.8244601098569957,-0.05944838033313804,-468.798768207007,-0.08762000975619522,-690.7620919249839,0.0,0.0,-0.37650822010664164,-2959.7595405032134
REL00012,Upplands Energi,1.075488795923718,-0.09109052222864289,-1562.7693654259892,-0.09604584652753712,-1647.7028039504767,0.10431809816495718,1793.1864694780452,0.10084958588223447,1733.5043226970229
REL00014,Blåsjön Nät,1.053398376787018,-0.025038760333462307,-60.20610636903257,-1.0717472232467773,-2550.340474800896,0.5624855510191207,1360.433273434418,0.08360128788340582,201.2380145631996
REL00015,Bodens Energi,-0.43162308554863804,0.026679593077205688,453.8386818772833,-0.054816441224003754,-931.7050461030858,0.056038500124933055,953.5348936817427,0.16174828239505779,2755.1791846686383
REL00016,Boo Energi,-0.43162308554863804,0.026679593077205688,288.43189844776225,-0.054816441224003754,-592.1343110932485,0.04605501151337954,497.99537627769496,0.16174828239505779,1751.022102194041
REL00017,Borgholm Energi,1.149348079016077,-0.02228037586942122,-95.01281915096479,0.09680715010480512,413.3151754390683,-0.30328881057533064,-1289.7414820907625,-0.029025762133705335,-123.76965952248065
REL00018,Borlänge Energi,0.6131327970286815,0.04959339483281422,981.3524064703379,-0.3930598295153853,-7743.606584429324,0.0708378048946301,1402.0329785836366,-0.2800967205813132,-5524.356976789693
REL00019,Borås Elnät,0.6752160842701471,-0.04912415646187718,-1452.7887487694497,-0.7413554684899681,-21773.97231720435,0.19988730468236682,5926.119017534213,0.15648831262766727,4637.449803460804
REL00021,Bromölla Energi,0.5565871908910003,0.0008040059771063923,3.185877242377501,0.27313359889762356,1085.2362942758705,-0.14366813015334046,-568.4660187385437,-0.001197431627453227,-4.744733423119669
REL00023,C4 Elnät,0.21194062443383732,-0.6168841169052697,-15962.294236354,0.611648367314177,16022.243518934256,-0.5975086984690958,-15463.934888966947,-0.4818154275874176,-12484.133313556085
REL00024,Carlfors Bruk,,,,,,,,,
REL00025,Degerfors Energi,0.5510978415231405,-0.21825702701900873,-786.9858079027094,-0.14126892503842914,-509.7752439240396,0.07727319646391173,279.4521674658215,0.09566046030855535,346.0116378243381
REL00029,Övertorneå Energi,-0.30556811777679993,0.06526299383348144,248.52720465671518,0.34714931627066736,1325.7124824362418,0.27998362908544516,1068.4975406903036,0.1611374845862601,614.2151675843273
REL00030,Eksjö Elnät,-0.43162308554863804,0.026679593077205688,125.6976261408231,1.1151036209871568,5311.2929904974635,0.04605501151337954,217.02466670325362,0.16174828239505779,763.0893904259583
REL00031,Emmaboda Elnät,1.1789134117491828,-0.580234399900359,-3997.1546817246067,0.6455466981078128,4501.604375017552,-0.11329983187098325,-784.1383678323336,-0.5845375867858049,-4026.62648294407
REL00033,Halmstads Energi,-0.43162308554863804,0.026679593077205688,858.0431115723841,-0.054816441224003754,-1761.5137905811116,0.04605501151337954,1481.4640977976378,0.16174828239505779,5209.037076288236
REL00035,Eskilstuna Energi,0.007617176510144041,-0.01104260250927025,-340.29022873352534,-0.016929023961942402,-521.6562264583558,0.24215045941535784,7481.055862460459,0.15963317151648226,4927.6787642214895
REL00037,Falbygdens Energi,1.6746934252111823,-0.01843609901726051,-409.84536658232537,-0.26303359285659855,-5833.225981057312,0.14976668464581344,3334.959864374425,0.0014444710047190057,32.11777460130543
REL00038,Falkenberg Energi,0.12825135968532742,-0.12825135968532742,-1919.2709513596228,0.3390888957645055,5098.192270598444,-0.45449022664808547,-6779.27003451731,-0.23474707775660297,-3509.2337567919
REL00040,Filipstad Energi,1.7272302908156068,-0.06178449355314086,-209.21412889344538,-0.3820889381412895,-1289.7242972098038,0.03271045725969923,110.86768761217536,0.08255868708442193,279.9598658913674
REL00043,Gislaved Energi,-0.25140291656797764,0.0022930002191778875,12.5440488417903,-0.07386593919443962,-403.78175776420403,0.023553383261953886,128.87817806251542,-0.018471886585602615,-101.03098783194127
REL00049,Grästorps Energi,1.120513581324567,-0.2344531588805765,-1211.8287214905904,-0.8787368819683117,-4512.960628176008,0.00981237267791979,50.84100086777653,-0.10022844470707337,-518.7472626806457
REL00062,Göteborg Energi,-0.43162308554863804,0.026679593077205688,4416.076783040262,-0.054816441224003754,-9065.954902120575,0.06976919890923083,11553.370242362158,0.16174828239505779,26809.26795442465
REL00064,Habo Kraft,1.3705408658547746,0.05450044775290319,352.05347714031996,0.1973820136552451,1276.8280859531696,-0.02609056919506969,-168.4009399335664,0.07284846459467698,470.66088845391096
REL00067,Hallstaviks Elverk,-0.43162308554863804,0.026679593077205688,43.38829458758016,1.4451806675899292,2383.906688804012,0.2019678135562697,329.0322404498312,0.16174828239505779,263.40312291470997
REL00072,Herrljunga Elektriska,-0.2070940722219694,-0.04798172414822721,-279.5611805771896,0.7677418023778859,4509.854269409591,0.05365297391297652,312.9224102324745,0.14309512921028,835.3270848046448
REL00074,Hjärtums Elförening,0.6691845972409238,0.16593107830156217,373.82860449265854,-0.2106348771817368,-472.76480409338944,-0.17839491073954328,-400.53167128041196,0.1275599159886731,287.2717579021962
REL00075,Hofors Elverk,0.09507356368008146,0.14154503532655127,730.0014974152954,-0.5815130904527233,-2977.4871838126,0.004390893345318503,22.614481169953365,0.02133174435645646,109.88379469430708
REL00077,Härnösand Elnät,1.0882257940408646,0.06339972533992988,841.6878275963609,-0.5038430620889933,-6651.334898437559,0.2592381694124013,3448.3275407755573,0.1510715046351807,2007.3583568211343
REL00078,Härryda Energi,1.8244601098569957,0.0,0.0,-0.10881690938864264,-2086.358975468749,0.0,0.0,0.0,0.0
REL00080,Höganäs Energi,0.8322890723276632,0.17276556369001383,2793.153361577326,0.07798918530663723,1259.685372552267,0.06999829544365177,1130.5261371131764,-0.03954406660997556,-637.9706686973459
REL00083,Jukkasjärvi,1.8244601098569957,0.0,0.0,-0.03718260437612919,-170.30766648463396,0.0,0.0,-0.21827834391594525,-997.988871322641
REL00085,Jämtkraft,1.603369066295346,-0.09879676049686648,-6720.889454067859,-0.9962477817121895,-67171.48354414245,0.11644843339726485,7938.620221004647,-0.13903318517198837,-9454.295473212798
REL00086,Jönköping Energi,0.45114025413945935,0.09723776818297836,4396.501246071784,-0.3890575139459562,-17505.6737621036,0.3952059800459873,17922.016149433934,0.10350687655666935,4680.244986498292
REL00087,Kalmar Energi,-0.18175374433851976,-0.002428980281765636,-38.73462673047925,0.18386869286747265,2937.6022404216365,0.01692945184701422,270.02404044502237,0.16054052653391437,2564.297919847465
REL00090,Karlskoga Elnät,0.904279063085256,0.07290846576613053,1362.9921111063377,-0.19919230989169368,-3713.740588071878,0.13609439795410072,2545.826515986264,0.0012543117796859349,23.432093862833426
REL00091,Affärsverken Karlskrona,1.5229816058431211,-0.14402539938851433,-2929.6135555258734,-0.06435020698747351,-1309.9797903378822,-0.1998466620294126,-4062.819774837564,-0.12867207315461204,-2617.7111286405707
REL00092,Karlstads Elnät,0.48659520066725026,-0.05309321560336144,-1243.3393341569372,-0.431281096720193,-10061.728828535208,-0.06433749545544654,-1506.489398658512,0.14245680309346032,3342.574041885149
REL00093,Tekniska verken Katrineholm,-0.0023580365287267924,0.01515651680261687,261.18372454893404,-0.18191667995677285,-3128.695797949325,0.4878992131023496,8447.533825022303,-0.07483984140935762,-1288.5127198628675
REL00098,Kristinehamns Elnät,1.4343427465515424,0.11877360467131837,1372.4857207870282,0.12378472610601321,1430.4627895780923,0.0785489387148619,907.3080736842003,0.06990914518532065,807.441732183941
REL00100,Kungälv Energi,0.7020067506505079,0.21421528009857305,4623.782759960446,-0.37082372843417755,-7957.609143302015,-0.08833956660534437,-1901.0470586790907,0.12164927424316296,2623.347957860282
REL00103,Landskrona Energi,-0.2760983669952588,-0.12884512547617355,-2241.949539675902,0.42967137525137256,7518.361764860128,0.20056190184789546,3501.3768219786966,0.1609951318778169,2809.513244516472
REL00106,Lerum Energi,0.9615123507924483,0.05986817711582937,1015.2672391389133,-0.43136042144589215,-7279.498904140197,-0.010716253481368732,-181.60267535633466,0.15516489941929112,2633.841907836806
REL00111,Tekniska verken Linköping,-0.43162308554863804,0.026679593077205688,1268.0605717563958,-0.054816441224003754,-2603.2563566039425,1.0584103788130128,50828.26698389473,0.16174828239505779,7698.184909559819
REL00112,Ljungby Energi,-0.43162308554863804,0.026679593077205688,211.91381086031652,0.9369344018826165,7510.190675440237,0.04605501151337954,365.88220146856065,0.16174828239505779,1286.4935139751374
REL00113,Ljusdal Elnät,1.009267905676503,0.1461456944955808,892.9454186239109,-0.5836820810158461,-3540.4755627270897,0.03416801821474191,208.53301150626703,-0.07924653641087076,-483.10912672991435
REL00118,Luleå Energi,0.3697783827123713,0.16907414429003786,5302.457314981972,-0.8562179094850131,-26579.06734442858,0.135528624278769,4248.988894735916,0.02687501784310875,841.6515409325348
REL00121,LEVA i Lysekil,0.4298732914638226,0.10275985665821885,933.0692392530505,0.2758257872090164,2508.853190367045,0.22134141601937163,2012.1805771306604,0.011822682980655586,107.25371400105269
REL00123,Malung-Sälens Elnät,0.9077183586784221,-0.24778403430210094,-7275.0956162551665,0.9167417511785736,27229.95378173719,0.4078957754177104,12054.501848771266,-0.3330700779605067,-9770.848708965459
REL00126,Mellersta Skånes Kraft,1.5491356483679164,-0.014405177180076834,-49.814745835969006,-0.5771489934668361,-1984.7332509606736,-0.059274366597006356,-204.8862794971419,0.12542712314331794,434.34354299538245
REL00127,Mjölby Kraft,1.510905366379589,0.08574603955393556,1135.3904810575623,-0.4078789926406978,-5374.46040604826,0.25137169741353826,3333.968088319991,-0.08182414483508538,-1081.6590463352477
REL00128,Mölndal Energi,-0.28830800598746986,0.010927224710644001,170.17976150525374,-0.12092584199924206,-1880.8046952621698,0.1131560103889262,1764.088130613441,0.06678252062946033,1040.6477987979924
REL00130,Nacka Energi,1.569583941587327,-0.06629647773372938,-2111.459574766559,-0.48053280334756643,-15241.594788830364,0.16157687253375297,5157.668337112009,0.0650879618666389,2075.673878014997
REL00133,Norrtälje Energi,0.6868885936229363,0.1712624756901926,2862.19959975396,0.15452909479307664,2582.1147398298035,0.47033325428462724,7883.839418781419,0.15643406310223984,2613.9955657083083
REL00135,Nossebroortens Energi,0.6768507690918524,-0.028044432312057666,-119.62378870787416,0.9157551013218912,3943.0766290323086,0.17775785775624442,759.784577832349,0.1396754851330284,596.7837985606707
REL00137,Nybro Elnät,0.7682181727887594,-0.003565375543179705,-30.77320359490841,0.23419415776217978,2026.1523622300265,0.20473828782245906,1770.792509951476,-0.006418027916677005,-55.39322996148985
REL00139,Näckåns Elnät,0.8305128078287094,-0.3899519636238802,-1155.314251219334,0.025942819743440815,77.18002608742381,0.3638297687525771,1086.0437192566792,-0.11746429308103767,-348.9581811753883
REL00141,Nässjö Affärsverk,-0.43162308554863804,0.026679593077205688,188.89035542419924,0.6671585767107691,4753.869205296899,0.04605501151337954,326.1307925057313,0.16174828239505779,1146.721943790009
REL00143,Olofströms Kraft,0.1881780281506762,0.09653021811386608,1529.816437886157,0.08205003971919478,1300.145639615514,-0.03610270541929417,-571.4000943277783,-0.09475431082424102,-1498.804733687345
REL00144,Olseröds El,1.8244601098569957,0.0,0.0,-0.1920676199923088,-452.4722458039241,-0.15468668146050302,-364.54536575066913,-0.677164282145104,-1587.6113962676645
REL00146,Oskarshamn Energi,-0.22155409697035555,-0.13636680750976904,-1489.1628220135854,0.6219645707335797,6843.782455971533,0.020491721319604306,224.1268748628363,-0.048320706183224704,-528.140640081268
REL00147,Oxelö Energi,-0.43162308554863804,0.026679593077205688,97.89215489659864,-0.054816441224003754,-200.96703593839607,0.04605501151337954,169.01681393327317,0.16174828239505779,594.286997304466
REL00148,Partille Energi,0.8402615055146168,-0.06602000574802425,-814.9701213189346,-0.6448463552021666,-7914.420186378031,0.11799886183672115,1459.2838589627809,0.13118305928867535,1622.544935522139
REL00149,PiteEnergi,-0.3165197433077305,-0.08842374916370188,-1764.8497145596457,-0.16991978346491132,-3388.6620355344876,0.03260669656375281,651.5864835881239,0.16119042873881106,3225.2533267472254
REL00152,Ronneby Miljöteknik,1.3646054137330665,-0.059789218804739974,-773.5965911550848,-0.30652408397853215,-3956.325381032935,-0.10252916968094272,-1326.0342878493684,-0.1942973294836614,-2510.6045490126635
REL00156,Rödeby Elverk,1.7464490264341048,0.07801108342289087,431.18439981728625,-0.43674015314862924,-2401.6723400068176,-0.16165698115584437,-891.3933394533797,-0.11607933591748498,-640.3627410902827
REL00157,Sala-Heby Energi,-0.0629579462191443,0.2697493710653087,2841.8772864824928,-0.08617431306432444,-904.6414171806382,-0.012275020571395068,-128.95610500205953,0.156532552410249,1647.2431043936954
REL00158,Sandhult-Sandared,-0.43162308554863804,0.026679593077205688,80.16333647908596,0.6287193187609064,1900.5253271350248,0.04605501151337954,138.40692076160212,0.16174828239505779,486.658288198729
REL00160,SEVAB,1.3659205593887336,0.09782724935283316,2111.8372984511043,0.15606310560856151,3370.9479765750075,0.13601054812881763,2937.229641760947,0.13610063091642477,2939.177663422837
REL00163,Sjogerstads El,1.2842043656107638,0.0814759986905278,302.4354162549098,0.39186258021455256,1459.0698984731644,0.13270243252259117,492.8365250063471,0.023255895949270133,86.27496728799088
REL00164,Sjöbo Elnät,0.9571904349978011,0.0819371528046009,736.0017010473402,-0.010240497502778112,-91.9010758086024,0.10145407341641821,911.4897599257092,-0.6716893332399554,-5988.376080003987
REL00167,Skurups Elverk,0.001480826481969899,0.09337612054103328,366.73580671106885,1.0274744223209398,4073.288620137305,0.033677643026974735,132.19039867598588,0.11556486147605849,453.9830677121825
REL00168,Skyllbergs Bruk,0.44554022637903756,-0.8504837188504699,-1518.7120030707588,-0.9093355878587839,-1622.8507839729664,0.18284590037318527,329.89242942346596,0.1575608711360088,284.2012137027634
REL00169,Skånska Energi,0.3220768259426521,0.19421460408219904,3592.3866219741194,0.47431473601777796,8797.966426932244,-0.14926944992279534,-2751.584078998553,0.09226156519530626,1704.825533888601
REL00170,Skövde Energi,-0.08405123791748181,-0.061819626443215814,-892.2714991839191,0.05744188456116017,830.0752947954586,-0.10330323962329802,-1490.4051728759384,0.16007153893384807,2315.5215700375384
REL00171,Smedjebacken Energi,0.07238104870441742,0.0847788245837755,216.17863308514745,-0.07872669956313638,-200.41839597084078,0.041016436217744534,104.54260312064758,0.03700069864167599,94.30351426342037
REL00173,Sollentuna Energi,-0.36572621324828525,0.054758012179878524,1173.905225990753,-0.06029957921789286,-1291.2164205451045,0.015880627952835624,340.3171863683865,0.13423491095555518,2880.0275131488042
REL00175,Staffanstorps Energi,1.2337803866701247,0.032839619107649654,356.80900191771434,0.590679723186871,6453.532347578264,0.36713510226333845,4002.2709451602786,0.13606950749984748,1479.9398560093687
REL00177,Sturefors El,-0.43162308554863804,0.026679593077205688,10.077757218595139,1.0025557526000095,382.4199530780737,0.04605501151337954,17.399866398682917,0.16174828239505779,61.180388595270244
REL00178,Sundsvall Elnät,1.0001398708490372,-0.034899964269774486,-866.4170848473805,-0.9049592068541168,-22272.61717651807,0.14893700971856383,3704.239544132288,0.1409096379225705,3504.309405150314
REL00182,Njudung Sävsjö,0.4104220573972084,-0.3001588112438114,-1190.3176783660397,0.9712294447291603,3900.7115198181064,0.08938608433253226,355.85248559974616,0.1292153598187351,514.6202287977362
REL00183,Söderhamn Elnät,0.7174803749810277,-0.0037194966149733943,-23.958634646234714,-0.7090088109277914,-4535.001801219875,-0.1270031773357161,-817.0694761154259,0.06521151529921276,420.3397678246247
REL00184,Södra Hallands Kraft,1.2729116419181175,0.1685411101945089,4364.848216094571,0.05656059982677153,1463.1675667234085,0.10821995499055159,2800.9821248614535,0.07274303991751108,1882.0941232806144
REL00185,Sölvesborg Energi,0.8333345461996267,-0.013117858590838694,-76.72987017769265,0.7581380662256443,4468.742991128154,-0.3257935886620711,-1899.7294892315085,0.080414885496638,470.80653669728054
REL00186,Telge Nät,-0.1481873953956936,-0.25675609707573877,-10219.460331498174,-0.18725204961154152,-7458.231376697766,0.19067445110177994,7623.322753372464,-0.057373786184289344,-2288.1645593080266
REL00187,Tibro Elnät,0.349104677344525,0.06679509444564857,335.65242587809917,0.32354021101976826,1629.9961136885017,0.003920965671722065,19.69090512280127,0.04370695959936555,219.58148766399017
REL00191,Trollhättan Energi,-0.43162308554863804,0.026679593077205688,432.34754963438354,0.11854155442124759,1922.7562500007853,0.04605501151337954,746.4745814232747,0.16174828239505779,2624.710093832944
REL00193,Töre Energi,1.1288367720041936,0.03675817138093507,44.28662820540785,0.34574338145973993,417.8370392312479,-0.2952290204137009,-354.52272364497423,-1.135546165963497,-1352.2622056873254
REL00195,Uddevalla Energi,0.0007859751085970146,0.05743796723851613,1041.008005526573,-0.10730033079145995,-1941.5144271734828,-0.06263262344952114,-1133.7939961777756,0.1080682509842168,1959.62519296555
REL00201,Vallebygdens Energi,0.3160292086458405,-0.20104505604441325,-726.3412036383581,0.03362113563079028,121.75230600223608,0.06588769814495077,238.67617142030645,-0.10476069912457309,-378.8464039372341
REL00203,Vara Energi,0.5403074575273115,0.06427302224609743,353.6654862316818,0.776569285356099,4303.573805491762,0.03936100668453513,216.53208394570765,0.1490873374685675,821.0546518596661
REL00204,Varberg Energi,0.40217536004505394,0.02532719215313506,442.6394865320344,-0.19919556807654892,-3473.518757298411,-0.049621518490394756,-866.5793066761771,0.100511294566763,1757.9391531333758
REL00205,Varbergsortens Elkraft,1.4635520166928373,-0.07650779443331146,-1204.6273733732814,-0.008671063984078131,-136.61925046198667,-0.06460455036163548,-1017.3291099381022,0.05251329763074075,827.889891740575
REL00235,Värnamo Elnät,0.07101592463019113,0.2264920254339664,2468.1584070433137,0.5113534987585489,5588.278477539051,0.16912587157742465,1841.9638910570154,0.1467809780646201,1598.2467636348608
REL00239,Västerviks Elnät,-0.00713646702608095,0.15521828133282511,1371.8794912169208,-0.24252567996096985,-2135.0270563308013,-0.16065736668687824,-1415.4738756741351,0.03058568649820792,269.9914643473537
REL00242,Västra Orust Energi,1.254707775650865,0.06591930103980737,342.3461834541895,-0.0632041936618144,-327.8245885862998,0.14160574248451852,735.9704996972259,-0.07754888936275517,-402.1696596292886
REL00243,Växjö Energi,0.7216981047262205,-0.010373280638598104,-285.6838493831892,0.04061434782169915,1119.102030944112,0.046712443512508806,1287.209315351698,0.15627242978504263,4310.950646004254
REL00244,Ystad Energi,0.8766174135233618,-0.3047834869764454,-3769.478663977473,0.34200238100803304,4257.117606493262,0.06493420595765631,806.0500902911845,0.09104716773271626,1130.4929231803399
REL00246,Ålem Energi,1.334643541400693,0.08904430962073384,301.8108427069765,0.023637674765697447,80.06657537415595,-0.09500034290474968,-321.41035415129227,-0.055904201751255655,-189.2116198708345
REL00249,Årsunda Kraft,0.8158700930691154,0.22401596980428096,370.86506734548584,0.24088470178549315,398.85875478781736,0.11403296705285726,188.57827968480387,0.15583626674859907,257.8164298992908
REL00255,Östra Kinds Elkraft,-0.43162308554863804,0.026679593077205688,114.71304336285789,0.14234378245695511,612.738982414482,0.04605501151337954,198.05911031644155,0.16174828239505779,696.4038146241521
REL00257,Övik Energi,,,,,,,,,
REL00267,Mälarenergi,0.5742960885173343,0.03484755966070008,2885.565204310202,-0.18451055471790934,-15245.083526983792,0.2801388418132156,23253.80784790931,0.06404918186631026,5305.160971022109
REL00332,Tidaholms Elnät,1.544301629168987,0.08206294962309624,633.9344622236385,-0.4668429186132972,-3586.7613767631847,0.19189471831715377,1483.9989030713477,0.04073052098549912,314.51334787450105
REL00364,Österlens Kraft,0.804828939878921,0.03918558862852084,315.78260212997975,0.505093012914215,4089.2951145284533,0.29551670081877646,2387.550737498339,-0.001718971391029278,-13.846931393891282
REL00570,Västerbergslagens Elnät,0.19886213035757994,-0.6038056228290123,-19345.513500149314,-0.6853016571302217,-21938.721345599486,-0.4704302897752366,-15092.35631500321,-0.4687369335111602,-15038.284412843786
REL00576,Härjeåns,0.504472615431828,0.17912559968831232,5922.123453370568,-0.38686641828247215,-12718.296717330122,0.6325608064947197,21008.07917867614,-0.43645669563265876,-14341.489364847928
REL00584,Umeå Energi,1.2170336103131119,0.055840017425290434,2800.4812532663927,-1.7034731370857537,-83951.44664709194,0.21591044095332634,10845.553567843279,-0.12736951968836951,-6376.198018601179
REL00585,Götene Elförening,0.04356856530558506,-0.4485120577770174,-5107.920233543196,-0.5300080920782269,-6031.129167468168,0.1246790524429997,1428.0791198254963,-0.3134433684591653,-3574.5019304793873
REL00590,LKAB Nät,1.7145301750810304,-0.9011755893451934,-1393.9700704541542,-0.886478656212164,-1371.4361633145982,-0.6863371024020459,-1063.9141404920638,-0.6322583153425487,-980.6104388447286
REL00594,VänerEnergi,0.5780943040792463,0.046385062607856575,548.0213009904983,0.06342193428541254,749.4325504396875,-0.04654665791534729,-549.4211377479187,0.04464147954572617,527.4123823547579
REL00824,Skellefteå Kraft,-0.43162308554863804,0.026679593077205688,1560.1487273380408,-0.054816441224003754,-3202.8967560002166,0.04605501151337954,2693.6925378265223,0.16174828239505779,9471.40354094221
REL00885,Gävle Energi,0.21309400539275547,-0.35727722527461037,-11573.945444364823,-0.4084102213944951,-13223.63550303431,-0.07247898167117572,-2354.6357119206805,0.045035157345729715,1464.7824974519099
REL00886,Kraftringen,1.0911372029145605,0.10017310415215697,10406.428034949087,0.2734193929418316,28453.00681520265,0.04432658412640844,4602.285972049431,-0.13525427805829437,-14017.955641945722
REL00899,Kvänumbygdens Energi,-0.43162308554863804,0.026679593077205688,238.2556931381664,-0.054816441224003754,-489.12541046829983,0.04605501151337954,411.36307805474235,0.16174828239505779,1446.4107018109448
REL00904,Öresundskraft,0.46376988533280983,0.0768391097943022,6527.97863749542,0.36744578819944973,31307.532088970293,0.054445549674264626,4624.467779359598,0.14618075938794828,12427.594159608365
REL00936,Njudung Vetlanda,0.3764603704092373,0.0518698239101667,415.90499176315416,0.22609747055790663,1816.060446840277,0.22201152364054177,1783.1685742265663,0.03405112795960008,272.98175524048656
REL00937,Tranås Energi,1.3141738550962012,0.056315366494930075,520.5330950242424,-0.30288922376768834,-2789.686928535537,0.20875557722317417,1932.489832103789,0.07132458012315546,659.3642744575682
REL00938,Hedemora Elnät,1.6706777604449385,-0.014755271606348153,-172.16104461418217,-0.042859295197850145,-499.93284200344715,-0.02412657122567996,-281.4770085288401,0.03731260420130056,435.5795557893762
REL00944,Linde Energi,-0.2977365212851635,-0.10720697118626887,-1537.9767719816064,-0.18870300548747831,-2704.89933820418,0.16202081801502954,2330.604354394285,0.05484447394429326,788.0693803138856
REL00945,Gotlands Elnät,1.3544567998307944,0.20182802366497388,11351.502280297194,-0.6182928143140476,-34492.79400355813,0.12370941615724718,6952.446546909327,-0.33424544434312864,-18699.28293382065
REL00958,Vimmerby Energi,1.0287047175046249,-0.2902618397319312,-1587.446106994702,0.21165198322463663,1163.3221178575013,0.06480758208682325,355.6878250908512,0.009289761064557034,50.95746937583954
REL00959,Åsele Elnät,-0.06184611610403623,0.18522471904079962,324.85716141598726,0.4421635057845541,777.4860574549261,0.01763094064595183,30.870304144146857,0.06855415985608238,120.09376569283137
REL00965,Sörbylunds Elnät,,,,,,,,,
REL01010,Sandviken Energi,0.8870002514623998,0.13544213876275357,2321.498703269677,-0.34093331517102143,-5815.999599974279,0.1561205146145328,2676.480130875305,0.11572557094887692,1983.1644365676511
REL01012,Brittedals Elnät,1.200307402214662,0.015579820750932782,111.53155713619708,0.4013721653025826,2884.3502376886136,0.046217157245864726,330.95641045005505,-0.17632553477429092,-1259.8593761773382
REL03009,Dala Energi,1.0506910386070656,0.12109600800533915,4154.413269264129,-0.0235646171912407,-807.2634695335946,-0.21007824602976566,-7183.402808723822,-0.057519377770942626,-1969.8012092241916
REL03015,Falu Elnät,1.2298116725237396,0.18024520230444097,5463.043505318543,-0.3518202097304357,-10607.063473841696,-0.16082681858369252,-4857.997036752946,-0.018263320607903033,-552.4511305710985
REL03016,Vaggeryds Elverk,-0.43162308554863804,0.026679593077205688,176.77584107974826,-0.054816441224003754,-362.91076485995336,0.04605501151337954,305.2143399155234,0.16174828239505779,1073.1767413049843
REL03019,Trelleborgs Elnät,1.3487325567904218,0.002342310094838318,39.754382368828374,-0.06739413604135436,-1143.0412558376665,0.1682768234076315,2860.7553703456033,0.10424472138810259,1771.0640722292046
REL03028,E.ON,0.1769054350011734,0.13193506758721885,134036.1504932776,0.4698472116424268,478943.83581464645,-0.1678975740726507,-170061.1527429729,-0.006123461810281228,-6212.403647218802
REL03030,Vattenfall,0.6270263625434369,0.22526953217643086,215269.71531169605,0.22458342115145857,214612.59319725446,-0.18707337640457844,-178035.77922273992,0.14285561224127719,136402.07869454368
REL03035,Ellevio,0.21503420637982718,0.16861564573364962,122172.68000396076,0.05115432684730248,37021.07499136872,0.2204851947120945,159838.2394415339,-0.011926802688000393,-8626.150329338707
REL03038,Lidköping Elnät,0.055854545992839455,0.11147810702460959,2159.8330194653913,-0.5422940727654812,-10438.232086960046,0.1000615679361827,1938.421986898787,-0.23195300389331486,-4478.571442554454
REL03041,Hjo Elnät,0.7747074491046391,-0.10457512855113205,-335.8796430179318,0.3979127810150196,1284.4493859867225,-0.2810699592533883,-901.1688305215125,-0.06178582580818048,-198.5314180315404
REL03042,Skara Elnät,-0.43162308554863804,0.026679593077205688,162.0770148733145,0.39507563281037106,2408.9392781805923,0.04605501151337954,279.8359142736076,0.16174828239505779,983.94261116097
REL03043,Karlsborgs Elnät,0.940232973164945,-0.08321859562472333,-354.5591661284925,0.4627413662852353,1982.28729150165,-0.03427622255234297,-146.1076130365782,-0.15359165873136682,-653.9307692862099
REL03044,Ulricehamn Energi,0.9394730394555184,-0.020847943689883408,-203.27272938327224,0.018765219564320645,183.0377947358902,0.08224323419276924,802.7155824449947,-0.1542144285412217,-1501.6351082234469
REL03047,Karlshamn Elnät,-0.07886563841574823,0.007775805371057487,49.05055985893472,0.8124746792248061,5166.596555142094,0.08738943915114206,551.7005707349806,0.1600466981866333,1011.1297087851638
REL03049,Alingsås Energi,1.0741565302845535,-0.018172805954996818,-225.82733077772355,-0.2882781560323622,-3572.724088662446,0.1520996515466999,1893.294838428159,0.11668603391847832,1451.9642916415414
REL03050,Näckåns Elnät (Viggafors),-0.43162308554863804,0.026679593077205688,6.183227601294703,0.1773280047305592,41.159399543659774,0.05675257066946049,13.156866171601763,0.16174828239505779,37.53734677416122
