REId,name_short,req_full_pp,dpp_losses,dkr_losses,kind_losses,dpp_nonctrl,dkr_nonctrl,kind_nonctrl,dpp_capex_adj,dkr_capex_adj,kind_capex_adj,dpp_cable,dkr_cable,kind_cable
REL00001,Ale El,1.4083745064336517,0.07875771655372343,1068.8418051401713,deduction,-0.40289351635198756,-5493.987667081783,deduction,0.07628732311162345,1035.3408393836144,deduction,0.020646560359893762,280.36166325795784,deduction
REL00003,Almnäs Bruk,-0.4318594304211887,0.008747131205366632,4.058604723290301,reward,-0.09968215403511893,-46.30207455114822,reward,0.017610599050876807,8.170463010748762,reward,0.021813134046322347,10.119809009947204,reward
REL00004,Alvesta Elnät,0.9451031452142322,-0.0786527349791788,-599.1929442846085,deduction,1.2164340181585187,9148.364252220845,reward,-0.14070523266718205,-1072.5840376491615,deduction,-0.7876638236095301,-6043.080727219594,deduction
REL00005,Arvika Teknik,0.4703160640073367,-0.0637583067075731,-513.9730582917045,deduction,-0.536346681348876,-4344.069561195767,deduction,-0.027602544471605484,-222.43137407514132,deduction,0.021230532824434434,171.00005070997304,deduction
REL00007,Bengtsfors Energi,1.333212107424031,0.04431112304377205,101.1685080241532,deduction,0.2451909811807429,558.6894448598291,deduction,-0.05518800490964537,-126.1265536129522,deduction,0.020692556057233524,47.25509285388398,deduction
REL00008,Bergs Tingslags,0.6613994679460111,0.007976185746172426,114.68559713754439,deduction,-0.9424585853328837,-13680.119809084452,deduction,0.12339965543528564,1772.2620809999198,deduction,-0.28455743313315907,-4103.456315076288,deduction
REL00010,Bjäre Kraft,0.5721504637150598,-0.3266697490576398,-4479.566432764709,deduction,-0.18166798657057726,-2487.5827299897146,deduction,-0.0346018150020333,-473.10891936516146,deduction,-0.2715558857421474,-3721.7535529454044,deduction
REL00011,Bjärke Energi,1.2170194613408958,-0.0972765603812098,-759.0916377390058,deduction,-0.26161796679788907,-2044.8570694360787,deduction,0.07143566743748053,556.5098402887343,deduction,-0.5128761192170206,-4018.7633430405913,deduction
REL00012,Upplands Energi,1.037512847882871,-0.03616464161448896,-620.7653588324429,deduction,-0.13163671229139418,-2261.6886452105136,deduction,0.053547236011985966,918.3173073009821,deduction,0.017188865595807457,294.88997716525773,deduction
REL00014,Blåsjön Nät,0.23382206699773533,-0.03439647804375223,-81.41476950497372,deduction,-1.2577901576656725,-3013.7294569472065,deduction,0.1987705629236336,469.38568509126503,deduction,0.02138122730657166,50.58012469529626,deduction
REL00015,Bodens Energi,-0.4318594304211887,0.008747131205366632,148.74134448002133,reward,-0.247250351608308,-4215.19010543018,reward,0.017610599050876807,299.4343465549009,reward,0.021813134046322347,370.8747465311926,reward
REL00016,Boo Energi,-0.4318594304211887,0.008747131205366632,94.5308323842819,reward,-0.09968215403511893,-1078.442949450562,reward,0.017610599050876807,190.30201806519472,reward,0.021813134046322347,235.70513378418673,reward
REL00017,Borgholm Energi,1.2033403102357232,0.02137441822760433,91.24816715840552,deduction,0.3032157675059821,1290.817811617787,deduction,-0.04077083752891397,-174.15973427354493,deduction,-0.03515767539838954,-150.1737553616922,deduction
REL00018,Borlänge Energi,-0.4318594304211887,0.008747131205366632,169.41092722127541,reward,-0.5043304865424814,-9818.02389760711,deduction,-0.35279602700774015,-6857.613757917929,reward,-0.3113716111907139,-6049.898047482033,reward
REL00019,Borås Elnät,-0.015089915239541174,-0.019316491022858262,-563.8272789003147,deduction,-0.8520008743761687,-25076.93450183009,deduction,0.04221012787396505,1231.3096647037046,reward,0.021541379496847757,628.5124751619621,reward
REL00021,Bromölla Energi,0.8143574624962957,0.008990390635155165,35.80447051617921,deduction,0.4240149870630372,1681.6855581127352,deduction,-0.06121553313036543,-243.9630141076641,deduction,0.021013827827665033,83.67810916262442,deduction
REL00023,C4 Elnät,0.8781083413013091,-0.036540205179935725,-964.4227905950283,deduction,1.2102856176873789,31549.551343748346,reward,0.07547605590272344,1989.8545483779126,deduction,-0.05493623632653044,-1450.2234671861843,deduction
REL00024,Carlfors Bruk,,,,,,,,,,,,,
REL00025,Degerfors Energi,0.3631858951665956,-0.1750288354217755,-631.22449568396,deduction,-0.03234696707474782,-116.49016835228917,deduction,0.10879104368115566,391.234375864733,deduction,0.0212986203026011,76.66102482046881,deduction
REL00029,Övertorneå Energi,0.41933789193902005,0.14327717130866446,552.4256031541445,deduction,-0.053513077590183755,-206.73289539727398,deduction,0.17965498810772473,692.4340623716903,deduction,0.021262896169327306,82.08201508571028,deduction
REL00030,Eksjö Elnät,0.601291763240952,-0.0427755422069076,-205.76925295379897,deduction,0.9334690396270218,4446.904796436485,reward,-0.06877911331975017,-330.9437039653699,deduction,0.021147683970101916,101.66488834012762,deduction
REL00031,Emmaboda Elnät,1.7687882401849153,-0.055671869672080376,-390.493674104755,deduction,1.3364456939294556,9245.636884933327,deduction,0.09805890502465608,686.757599393397,deduction,-0.055671869672080376,-390.493674104755,deduction
REL00033,Halmstads Energi,-0.4318594304211887,0.008747131205366632,281.21553127463085,reward,-0.09968215403511893,-3208.2115361711676,reward,0.017610599050876807,566.1209339116758,reward,0.021813134046322347,701.1886254404653,reward
REL00035,Eskilstuna Energi,-0.1702999122069171,-0.00496360381190275,-152.4399095305689,reward,-0.4173868112267387,-12871.612324830547,deduction,-0.1628920891099228,-5010.580283604014,reward,0.02164205363399674,664.4837988102863,reward
REL00037,Falbygdens Energi,1.5404433758991365,-0.05385857027153662,-1194.9798617393099,deduction,-0.20537954039756556,-4563.687892113121,deduction,0.12613510642416337,2793.61170987695,deduction,0.020566070449490326,455.9700789207127,deduction
REL00038,Falkenberg Energi,0.26001493694285394,-0.16113226725251728,-2424.6871669630946,deduction,0.5921922133289237,8844.402435233736,reward,-0.11075101316371239,-1665.721476932782,deduction,0.01691159741845638,254.0303450136662,deduction
REL00040,Filipstad Energi,1.2235674357197857,-0.0452047716836157,-151.71005130914637,deduction,-0.4174700106809759,-1406.2489409053142,deduction,-0.11477471074980983,-385.45756721151156,deduction,0.01327106490227603,44.51264903957599,deduction
REL00043,Gislaved Energi,-0.2569060034103843,-0.004022650977708597,-22.004203602709595,reward,-0.12153079220394991,-665.5652181766741,reward,0.057374478126615,313.6498347618624,reward,0.021698501985978336,118.66187458423246,reward
REL00049,Grästorps Energi,0.41990707161247975,0.11034952216675276,563.1549503993497,deduction,-0.688663751267482,-3542.643463659423,deduction,0.0447394927589162,228.4719288772692,deduction,0.015127023207828216,77.27225764327295,deduction
REL00062,Göteborg Energi,-0.4318594304211887,0.008747131205366632,1447.3274849983572,reward,-0.09968215403511893,-16511.65109175544,reward,0.017610599050876807,2913.645572026144,reward,0.021813134046322347,3608.796303562325,reward
REL00064,Habo Kraft,1.4716645825566088,-0.04223969538876826,-273.3685164085091,deduction,0.2249192126961841,1451.7857378104163,deduction,-0.04317221636136459,-279.40622858550523,deduction,-0.1943694667019713,-1259.8290056319966,deduction
REL00067,Hallstaviks Elverk,1.3284347058846846,-0.06055347162408076,-102.03073358527354,deduction,1.4791992500434614,2454.5723884673225,reward,0.3544509914145344,594.7819078434663,deduction,0.020695484209798387,34.84311963300843,deduction
REL00072,Herrljunga Elektriska,0.6574847384069216,-0.07030353691670488,-417.24611291093515,deduction,0.6316974024223265,3722.9351384410015,deduction,0.10474552120027791,620.5729685821966,deduction,0.021112271207734956,125.18559873157847,deduction
REL00074,Hjärtums Elförening,0.6167558122133654,0.18752163986546222,420.544684924089,deduction,-0.3088635079926405,-696.1077790150212,deduction,-0.09980665264242017,-224.47307433171864,deduction,0.021137930644155034,47.48359534848487,deduction
REL00075,Hofors Elverk,-0.4318594304211887,-0.015245616636150316,-77.70434267402698,reward,-0.6348266584246476,-3255.757679795668,deduction,0.017610599050876807,89.72871005878142,reward,0.021813134046322347,111.13659131792338,reward
REL00077,Härnösand Elnät,0.8218108494908671,0.025404075747093025,335.18171914436607,deduction,-0.6717233965042535,-8924.472226928876,deduction,0.18749243515201464,2469.7876847535517,deduction,0.02100916580345391,277.20735065633744,deduction
REL00078,Härryda Energi,1.782519230780899,0.004435220613419055,85.05425688510877,deduction,-0.04194087907609667,-804.6703085869813,deduction,0.045749657379290376,876.9823244605286,deduction,0.02041961955780991,391.52515567264345,deduction
REL00080,Höganäs Energi,1.0914069773880541,0.11644219288746704,1886.8514099090498,deduction,-0.038136172476099794,-618.9165537349982,deduction,0.06310166826717367,1023.0540058513579,deduction,-0.07244448897134603,-1176.1116080557586,deduction
REL00083,Jukkasjärvi,1.584958251274693,-0.004527983488622489,-20.649813506922328,deduction,-0.0507606643938896,-231.59959568995055,deduction,0.07764287349256715,353.80083549335995,deduction,-0.23950185858230277,-1094.7944844690965,deduction
REL00085,Jämtkraft,0.8410925112328993,0.13590085229415738,9102.557784884462,deduction,-0.9833675986240964,-66603.58577872324,deduction,0.08863018895759467,5939.192089346943,deduction,0.01672144902984396,1121.3226397407343,deduction
REL00086,Jönköping Energi,0.30707443162938386,0.11189196225842579,5034.0276579659385,deduction,-0.5990175322637237,-27141.817955033803,deduction,0.14700125578015477,6611.279351193178,deduction,0.021334398659700327,960.7044369402338,deduction
REL00087,Kalmar Energi,0.02852142060818519,0.04120436451017229,659.5950213017541,reward,0.17135226407571924,2739.4214443407327,reward,0.02605251204232939,417.1089877571166,deduction,0.021513204244061335,344.44886198481396,deduction
REL00090,Karlskoga Elnät,0.7422677933585309,-0.020011562483257528,-372.7059549628957,deduction,-0.2603354107584943,-4860.247887042362,deduction,0.03153634681714035,587.0480847375293,deduction,0.021058990538280753,392.0533560648,deduction
REL00091,Affärsverken Karlskrona,1.3783045922578507,-0.008128562157017072,-165.1175458524558,deduction,0.16202444180548614,3285.6866238545263,deduction,-0.08454043053895965,-1718.5949085609172,deduction,-0.021789673002525767,-442.6792123972482,deduction
REL00092,Karlstads Elnät,-0.2014892134551749,0.030347106127515122,701.1220896556442,reward,-0.5798656354137677,-13478.964428783096,deduction,-0.23372768282070577,-5414.203041635053,deduction,-0.011601239301695099,-268.14093224257886,reward
REL00093,Tekniska verken Katrineholm,0.15677991535694158,-0.08450077730730587,-1461.8068762223343,deduction,-0.11096318102050695,-1920.0963826417242,deduction,0.36941082055086394,6361.64076391259,reward,0.021430626717044987,370.3432850366539,deduction
REL00098,Kristinehamns Elnät,1.6111958981667396,0.012532923469565915,145.1438445471831,deduction,0.05691749467870988,658.8716151587432,deduction,-0.011576368983634566,-134.09804929576785,deduction,-0.06553538604063824,-759.553589458541,deduction
REL00100,Kungälv Energi,0.4457612735194516,0.22130644823559198,4731.901087270313,deduction,-0.3902884174267873,-8396.097179880424,deduction,-0.10200043788606283,-2187.986325949578,deduction,0.021246113154549384,455.18505721093425,deduction
REL00103,Landskrona Energi,0.16607215487411953,-0.04499041204344412,-791.1796014040292,deduction,0.40852561068089877,7151.6530852192045,reward,0.02391252019775525,420.2245952073986,deduction,0.02142466046761715,376.5137677289663,deduction
REL00106,Lerum Energi,0.48155538565728406,0.062499587491537945,1048.5233745500482,deduction,-0.5679841399953478,-9588.898736556886,deduction,-0.06986639713006948,-1173.6613124355308,deduction,0.021223406414239143,356.200795694579,deduction
REL00111,Tekniska verken Linköping,-0.29536503266112124,0.012439236611294646,592.6113710592163,reward,-0.6984660570166668,-33513.01790947857,deduction,0.15410499681094425,7331.22953651402,reward,-0.06007064848226884,-2863.8742450386326,reward
REL00112,Ljungby Energi,0.4091332937302239,-0.07651588002886012,-618.3726548717882,deduction,0.7413105701162936,5942.297326699953,reward,-0.06309208622052864,-509.81828459367034,deduction,-0.05593359325724023,-451.94149070610683,deduction
REL00113,Ljusdal Elnät,0.5520937238447932,0.04569639383733559,276.14419132650573,deduction,-0.43906243176867754,-2666.120233208764,deduction,0.07188290980584267,434.2763903873538,deduction,-0.0037429047370585167,-22.629599999482707,deduction
REL00118,Luleå Energi,-0.4318594304211887,0.008747131205366632,269.48252566304654,reward,-0.9520368807204971,-29614.22573675492,deduction,0.017610599050876807,542.5009721538245,reward,0.021813134046322347,671.9333064337843,reward
REL00121,LEVA i Lysekil,0.9896974291627947,-0.004955498746150866,-45.45683417877808,deduction,0.2948444096657399,2696.554027485896,deduction,0.24059333601877952,2201.5789748859424,deduction,0.0209045188073409,191.708000146813,deduction
REL00123,Malung-Sälens Elnät,1.8244601098569957,0.0,0.0,deduction,0.4993834029917599,14894.64361165274,deduction,0.0,0.0,deduction,0.0,0.0,deduction
REL00126,Mellersta Skånes Kraft,1.2622451276292246,0.14818180820919125,508.84129743833955,deduction,-0.5526304673553861,-1910.938435067318,deduction,0.07402411244972207,254.3786782369507,deduction,0.020736109884311738,71.29593245313754,deduction
REL00127,Mjölby Kraft,1.0681754393072174,-0.04800464887539935,-629.8418107191555,deduction,-0.4456079438974747,-5869.737360580539,deduction,0.06019170481530445,788.8918091826727,deduction,-0.21630800342760104,-2842.8098579734487,deduction
REL00128,Mölndal Energi,-0.31064172894503805,0.019714983275853637,306.8081498390329,reward,-0.2073284220988847,-3233.8278056393096,reward,0.02966527874347369,461.6104495349473,reward,0.021733624754527447,338.21577705801064,reward
REL00130,Nacka Energi,1.1497179423517023,-0.07551569427226568,-2388.4661895484314,deduction,-0.565594080386278,-17976.40691341349,deduction,0.10453829848113827,3300.5006704385596,deduction,-0.037081281573470015,-1172.3860786678051,deduction
REL00133,Norrtälje Energi,1.2876284574723007,0.14753269070590935,2487.3698935361426,deduction,-0.058207884906891216,-983.3807719975593,deduction,0.3528526663017173,5936.897375045466,deduction,0.02072051760435567,349.7839785119213,deduction
REL00135,Nossebroortens Energi,1.708308025395766,-0.03366054398898921,-146.64396517722525,deduction,0.7262695224864002,3140.2817443302556,deduction,0.11745267959697436,510.9228227932781,deduction,0.020464367547123885,89.10628375358738,deduction
REL00137,Nybro Elnät,0.9398453361932679,-0.14489570214151204,-1256.7504784323837,deduction,0.11444033770511286,990.037596367587,deduction,-0.03139738642077283,-272.0172523214669,deduction,0.020935519885179055,181.28442296408684,deduction
REL00139,Näckåns Elnät,0.8978313220279643,-0.25471334317657135,-760.5200764344704,deduction,-0.11110116860406638,-331.25062897983935,deduction,0.2635680394339479,782.9083997779414,deduction,0.020961694398602404,62.41565011596231,deduction
REL00141,Nässjö Affärsverk,0.352907445902928,0.014172487714181337,101.8860678882561,deduction,0.6850847222889977,4892.2022188946285,reward,0.10032874824905669,720.6436997152105,deduction,0.005045326660524374,36.27417729768467,deduction
REL00143,Olofströms Kraft,0.2296623038487322,-0.010996520203021554,-174.26899839851558,deduction,0.14411071509303763,2280.2805492876087,deduction,-0.040177217028003476,-636.9000666610546,deduction,0.012673572095711627,200.79884873127912,deduction
REL00144,Olseröds El,1.4939505001801745,-0.09314175108645628,-218.6065704946168,deduction,0.26492315201840366,619.5769424635773,deduction,0.1446473936144388,338.69158761464587,deduction,-0.22345156285035195,-525.1264818654499,deduction
REL00146,Oskarshamn Energi,0.17577637166668048,-0.19655385866592656,-2170.7630060184792,deduction,0.5079536480527502,5570.548689720972,reward,-0.12900448694823652,-1423.7788864598408,deduction,-0.013124280232856833,-144.68063575352085,deduction
REL00147,Oxelö Energi,-0.4318594304211887,0.008747131205366632,32.08322982328741,reward,-0.09968215403511893,-366.01743712434495,reward,0.017610599050876807,64.5874285397299,reward,0.021813134046322347,79.99698920438254,reward
REL00148,Partille Energi,0.2774574976318389,-0.01729763703988141,-211.31904332223894,deduction,-0.6288682405439339,-7729.72140127573,deduction,0.1150953478313399,1404.220947487415,deduction,0.021353315633620973,260.765149846874,deduction
REL00149,PiteEnergi,-0.4318594304211887,0.008747131205366632,174.3200325817852,reward,-0.09968215403511893,-1988.70786751977,reward,0.017610599050876807,350.927344579477,reward,0.021813134046322347,434.65317679551845,reward
REL00152,Ronneby Miljöteknik,0.845188651545592,-0.07002864074268089,-897.9277174177932,deduction,-0.27643929519882704,-3551.878514109734,deduction,-0.19125953691452313,-2455.348019312867,deduction,-0.08144942874597216,-1044.487180678796,deduction
REL00156,Rödeby Elverk,1.2558749696464533,-0.04543060176345204,-248.59148494164765,deduction,-0.2393591130881445,-1312.2744359675207,deduction,-0.04210919770961663,-230.4095055223179,deduction,0.00776461800449102,42.46472118757174,deduction
REL00157,Sala-Heby Energi,0.0004978087827733901,0.04538079823331875,477.19875920735984,reward,-0.21778729972730115,-2296.162641436801,deduction,0.017174917708395743,180.65264981738483,reward,0.021531303345689867,226.46498945770108,reward
REL00158,Sandhult-Sandared,0.1086481180092358,-0.1798534503946847,-547.1122458229524,deduction,0.44082539439530555,1332.6931279319697,reward,0.04400632344863098,133.56758258234822,deduction,-0.07707293458290021,-234.21431184384647,deduction
REL00160,SEVAB,1.633963667292715,-0.047938656285517744,-1039.87656569729,deduction,0.035965222672507124,779.5020564357983,deduction,0.11965506574564966,2591.2248488591213,deduction,0.02050932706194608,444.58263975220325,deduction
REL00163,Sjogerstads El,1.749113918685663,-0.0700406333449255,-262.36783872729575,deduction,0.432650162670134,1612.6245223352262,deduction,0.10926989630748452,408.5912989870594,deduction,0.013264856058969876,49.648306214935474,deduction
REL00164,Sjöbo Elnät,0.23603890616981094,-0.057863467944496705,-512.2171066000365,deduction,-0.001676805833872308,-14.835038181632171,deduction,-0.10969869021815182,-971.5740662096691,deduction,-0.9129892967479902,-8151.258369020509,deduction
REL00167,Skurups Elverk,1.2407601095171472,-0.04226697277214253,-170.06948828453278,deduction,1.0924867728521415,4346.540654548131,deduction,0.21555888882787144,865.1240802895463,deduction,0.020749319769763908,83.43670440480582,deduction
REL00168,Skyllbergs Bruk,-0.34832952919131577,-0.049389313644498944,-87.58885863447551,reward,-0.9928387687470619,-1777.4569057175754,deduction,0.10114050028074972,179.0960847728469,reward,0.02175830352425523,38.559498624694925,reward
REL00169,Skånska Energi,0.8746386772304549,0.06046661749785631,1127.972340182654,deduction,0.45613482195834276,8475.49622444345,deduction,0.0014450937160015442,26.973294625679046,deduction,0.014592785702660649,272.34495710391093,deduction
REL00170,Skövde Energi,-0.10170474013734276,-0.05588704208274731,-807.3089948338632,reward,0.12318217250844032,1776.2269002154785,reward,-0.04970463152697002,-717.9573765310131,reward,0.02159748340864187,311.7418682149928,reward
REL00171,Smedjebacken Energi,0.13391675430109995,0.09803547716185079,249.83272501517519,deduction,-0.10145072330374205,-259.05202010509913,deduction,0.11759687481276426,299.624237021759,deduction,-0.017068717806423273,-43.547829403916126,deduction
REL00173,Sollentuna Energi,-0.3821604987080618,-0.017313431393062295,-370.9049143893535,reward,-0.05689370992476572,-1219.3149962797943,reward,0.03316983358626624,710.2366262363794,reward,0.021780488604095094,466.4197673820963,reward
REL00175,Staffanstorps Energi,1.8244601098569957,0.0,0.0,deduction,0.12708281011670763,1394.8494508030344,deduction,0.0,0.0,deduction,0.0,0.0,deduction
REL00177,Sturefors El,0.044398610198204125,-0.32718603341463925,-125.14763296117727,deduction,0.3765758865842739,143.0291876758708,reward,-0.3489134463950494,-133.48729404472292,deduction,0.021502958936192584,8.196191727444784,deduction
REL00178,Sundsvall Elnät,-0.10626143995114967,-0.03483598369600216,-846.5325344778148,reward,-1.2184506968703768,-29961.70996105978,deduction,-0.20671921208633703,-5032.030818104473,deduction,0.02160044036018105,524.605633224734,reward
REL00182,Njudung Sävsjö,1.4083731879302785,-0.13041014309091992,-529.8039666143468,deduction,1.1873015465230896,4760.825529040777,deduction,0.12347495345008674,500.3660540812498,deduction,-0.017841608883228943,-72.40230683482696,deduction
REL00183,Söderhamn Elnät,-0.1712703131213411,-0.03331965102865153,-210.92604348978057,reward,-0.8309013674596466,-5302.077176973249,deduction,-0.1985604523133011,-1259.04357774886,deduction,0.02164268503888067,136.93106896908193,reward
REL00184,Södra Hallands Kraft,1.532239997758067,0.0984676247970162,2556.4765512988743,deduction,0.07844540737087513,2037.052235574396,deduction,0.09118420835794172,2367.55116593837,deduction,0.0036900250407922996,95.89282998647104,deduction
REL00185,Sölvesborg Energi,1.5947466749731687,-0.014066812789037542,-83.55800527913198,deduction,1.0085516541326056,5930.408159372399,deduction,0.00855783013187228,50.8227945217277,deduction,0.020533096497499237,121.92639498694552,deduction
REL00186,Telge Nät,-0.4318594304211887,-0.17065343913023057,-6782.868011827148,reward,-0.09968215403511893,-3959.194565079095,reward,0.017610599050876807,698.6393819266596,reward,0.021813134046322347,865.3239238246533,reward
REL00187,Tibro Elnät,0.6137805066257496,-0.0604484899439095,-305.3488109748887,deduction,0.33742073958660246,1697.6959800290597,deduction,-0.0205100658866586,-103.56306945226561,deduction,-0.10923781216187756,-552.0710959472071,deduction
REL00191,Trollhättan Energi,-0.04417626451496126,0.0707500483441259,1154.3205239129818,reward,0.212193873772748,3457.149016829292,reward,0.24372314194114342,3969.584642196375,reward,0.021560198196068914,351.9379511484806,reward
REL00193,Töre Energi,-0.15215704937867613,-0.10075677688663465,-118.40572826467832,reward,0.18002022700739362,210.95966409745796,reward,-0.3520905859905721,-414.8061811121362,deduction,-1.5266592735116324,-1819.8592826325269,deduction
REL00195,Uddevalla Energi,-0.15947771669158062,-0.022745756549336082,-410.78277326171474,reward,-0.20797461354891134,-3762.9395569197645,deduction,-0.08093322658412339,-1462.4855961896292,reward,0.02163501368624976,390.54952446089374,reward
REL00201,Vallebygdens Energi,0.44610916117380217,-0.0062422761681224515,-22.65774943926749,deduction,0.15428537750170612,559.117324464203,deduction,0.10728112097753151,388.96020170092106,deduction,-0.023179837113773694,-84.1506676463091,deduction
REL00203,Vara Energi,1.426468878170306,-0.00934048845482316,-52.282311055853825,deduction,0.6959502950371954,3868.31771332508,deduction,0.07723019117924501,431.91570943449915,deduction,0.020635507861932467,115.47051217261469,deduction
REL00204,Varberg Energi,0.31189776029294514,0.171643573590341,2988.5041478708067,deduction,-0.12471488590652946,-2177.8585601220466,deduction,0.08125281929647343,1415.9786477651273,deduction,0.021331320012474286,371.95964690387336,deduction
REL00205,Varbergsortens Elkraft,1.434389292875804,-0.004217947846774095,-66.42702598730466,deduction,0.06899252629657404,1085.750343802334,deduction,-0.05572068997707902,-877.9750267018244,deduction,0.01965257276312915,309.4283413339981,deduction
REL00235,Värnamo Elnät,0.8318158123323149,0.022197009196855966,244.97885948796466,deduction,0.306936085097842,3377.9298154172266,deduction,0.15878239745410472,1750.0311573657345,deduction,0.021002909960765592,231.80285539303986,deduction
REL00239,Västerviks Elnät,-0.3178743269362183,-0.02403224591942532,-210.81263293040683,reward,-0.3088054058308587,-2716.6012035108033,reward,-0.10191544752262693,-894.7074822830473,reward,0.0217383579169117,190.60307930318868,reward
REL00242,Västra Orust Energi,1.3897341807128205,-0.03355287468265189,-174.6658250607852,deduction,0.017858346283872173,92.91754268327986,deduction,0.2055210889508885,1067.3417665335282,deduction,0.01727504812658598,89.88314450502094,deduction
REL00243,Växjö Energi,0.7747335410993594,-0.009564427018893262,-263.7386165731805,deduction,-0.0007698955648782757,-21.227973534711055,deduction,0.010214954294829326,281.62138202664573,deduction,0.021038635401549044,579.9625358885896,deduction
REL00244,Ystad Energi,1.0952487719289028,-0.19369978655539022,-2418.0382221446507,deduction,0.5107957329799628,6331.9635502029305,deduction,0.05978492346649933,744.4419599762332,deduction,0.012341719056907507,153.75163395903292,deduction
REL00246,Ålem Energi,1.4051108733259987,-0.004786679914148273,-16.233323637215108,deduction,0.19097949361643884,646.4211385120534,deduction,0.033109165995504064,112.24264039817353,deduction,0.006210586644472826,21.059994773280778,deduction
REL00249,Årsunda Kraft,1.2958150359671405,0.021839992173489087,36.41439124989256,deduction,0.1599453148843022,266.3153441711779,deduction,0.14886163222136428,247.88786554500393,deduction,0.020715492149858683,34.53986878294472,deduction
REL00255,Östra Kinds Elkraft,-0.2938320869263822,-0.07058262540684535,-304.45372175007594,reward,0.03834518945968757,165.21923384887486,reward,0.03113503858065414,134.16229647278283,reward,0.011162071563075582,48.10749538734149,reward
REL00257,Övik Energi,,,,,,,,,,,,,
REL00267,Mälarenergi,0.3001965233704329,0.05928751091406337,4877.958916612006,deduction,-0.4693395931014921,-38819.904425131754,deduction,-0.11305284891516276,-9317.593797747177,deduction,-0.011153761706483856,-918.3362887912517,deduction
REL00332,Tidaholms Elnät,1.1935746469624586,0.021326956157174948,163.43866656957653,deduction,-0.488465748059963,-3762.36439222425,deduction,0.040769077054392255,312.37256278149107,deduction,0.020778370778806732,159.23546274477667,deduction
REL00364,Österlens Kraft,1.4574057780031735,-0.0944926521308842,-771.851920499128,deduction,0.43357427556727224,3523.0819516865486,deduction,0.17269275027229636,1406.8834296816458,deduction,-0.015325451278358493,-125.08576877114501,deduction
REL00570,Västerbergslagens Elnät,-0.4318594304211887,0.008747131205366632,278.3868987019596,reward,-0.09968215403511893,-3175.9414420902394,reward,0.017610599050876807,560.4265538520922,reward,0.021813134046322347,694.1356544451555,reward
REL00576,Härjeåns,0.24803018858086112,0.17161990492349233,5625.275914679197,deduction,-0.6285016969896251,-20766.01637777357,deduction,0.2658191847437208,8704.701811410143,reward,-0.31584203261978416,-10403.045364488895,deduction
REL00584,Umeå Energi,-0.4318594304211887,0.008747131205366632,424.2087403680962,reward,-1.6895012565159462,-83341.96636886089,deduction,0.017610599050876807,853.9835875428616,reward,0.021813134046322347,1057.7308522410494,reward
REL00585,Götene Elförening,-0.4318594304211887,0.008747131205366632,99.10862811102379,reward,-0.09968215403511893,-1130.6681483725324,reward,0.017610599050876807,199.51767546623978,reward,0.021813134046322347,247.1195043868056,reward
REL00590,LKAB Nät,0.5079299245099866,-0.05552030099176264,-84.64365358820714,deduction,-0.4071498954028474,-622.9026018352783,deduction,-0.24256160025064588,-370.48863132768406,deduction,-0.0766742762865702,-116.91868229456725,deduction
REL00594,VänerEnergi,0.5829474942383506,-0.09887315801808683,-1168.8721585342664,deduction,0.006954709162187989,82.13141691012152,deduction,-0.08146478434467586,-962.9043246554647,deduction,0.02115926166375015,249.84423997225167,deduction
REL00824,Skellefteå Kraft,-0.4318594304211887,0.008747131205366632,511.3240200970904,reward,-0.09968215403511893,-5833.374894201246,reward,0.017610599050876807,1029.3571997136387,reward,0.021813134046322347,1274.9458935695511,reward
REL00885,Gävle Energi,-0.4318594304211887,-0.11230512285949068,-3608.3559831304083,reward,-0.20430935996474942,-6570.501300568573,reward,0.017610599050876807,565.0911452607852,reward,0.021813134046322347,699.9131451581452,reward
REL00886,Kraftringen,1.2921166564947129,-0.07687450210345226,-8016.175404049398,deduction,0.3340172581721035,34688.1242222757,deduction,0.019522532824667316,2033.7853196445212,deduction,-0.07911026208915484,-8249.495046040684,deduction
REL00899,Kvänumbygdens Energi,-0.4318594304211887,0.008747131205366632,78.08605467652251,reward,-0.09968215403511893,-890.8347995284139,reward,0.017610599050876807,157.1966882432962,reward,0.021813134046322347,194.70138472269764,reward
REL00904,Öresundskraft,0.7902786902654224,0.0075074284109133416,641.4300890131708,deduction,0.17382414572251204,14826.846007418106,deduction,-0.07667390570453847,-6556.466820070025,deduction,0.02102889830790655,1796.454237029524,deduction
REL00936,Njudung Vetlanda,0.6954935064422463,-0.0938696427676744,-757.7912804052485,deduction,0.11961080829365756,963.5426645435,deduction,0.09370169656155447,755.0228751493905,deduction,0.021088362946364292,170.04731691461166,deduction
REL00937,Tranås Energi,0.9659996229676615,-0.10078281061585148,-925.5364050324824,deduction,-0.4883608587378907,-4502.181430079629,deduction,-0.050994942404658516,-468.0787901085896,deduction,0.020919247911077576,191.8788513274867,deduction
REL00938,Hedemora Elnät,1.5218710569559812,-0.12251194892576311,-1427.1692076838408,deduction,-0.046449312776708496,-540.6901799751613,deduction,-0.06474399292326627,-753.7850485712588,deduction,0.020577364106699747,239.37018002771583,deduction
REL00944,Linde Energi,-0.4318594304211887,0.008747131205366632,125.27185385698976,reward,-0.13734736016740579,-1969.899327740808,reward,0.017610599050876807,252.18741858573594,reward,0.021813134046322347,312.3554329102044,reward
REL00945,Gotlands Elnät,0.7511498349615175,0.12655278083331112,7009.91376607056,deduction,-0.45881386907122845,-25562.904214239315,deduction,0.06557548339265473,3634.513712660373,deduction,-0.16839615103931838,-9355.118355359838,deduction
REL00958,Vimmerby Energi,1.1205406758994396,-0.24814501189720506,-1366.890650363268,deduction,0.35257047940924213,1930.544769386849,deduction,0.07297145639575398,400.67702928824474,deduction,0.02082344318403706,114.39819798268218,deduction
REL00959,Åsele Elnät,0.5466167350028917,0.027627202896818304,48.94234039373032,deduction,0.319352768123049,564.0985850110911,deduction,0.0689929485024221,122.17247238425148,deduction,0.021182216207771276,37.527283351723895,deduction
REL00965,Sörbylunds Elnät,,,,,,,,,,,,,
REL01010,Sandviken Energi,0.5012984470797566,-0.03531714190203594,-600.1074572687157,deduction,-0.6577906296949099,-11246.768020548689,deduction,-0.06228393783855868,-1058.6108913225853,deduction,0.021210895840950705,360.21152263703334,deduction
REL01012,Brittedals Elnät,1.6734620732533179,-0.024990310622396983,-180.60412395558524,deduction,0.6347620213457805,4557.488132046114,deduction,0.08562119959192316,618.1031293069063,deduction,0.007100542714666425,51.29905280364983,deduction
REL03009,Dala Energi,0.8499947787741879,-0.02767530027396603,-944.786720015014,deduction,0.15232880079651956,5190.928294961963,deduction,-0.16302323164554267,-5572.8358408719505,deduction,-0.06333663603310669,-2162.970766226692,deduction
REL03015,Falu Elnät,0.8193840220370285,0.07701686419492315,2309.3989756975316,deduction,-0.30592550376944416,-9208.419845318644,deduction,-0.16761483928158238,-5038.295985369867,deduction,-0.08088607013110316,-2429.2366868855715,deduction
REL03016,Vaggeryds Elverk,-0.4318594304211887,0.008747131205366632,57.93661343503163,reward,-0.09968215403511893,-660.9624679919857,reward,0.017610599050876807,116.63342190545154,reward,0.021813134046322347,144.46035093812816,reward
REL03019,Trelleborgs Elnät,1.4663120130238738,0.02130719092210409,362.3923068699187,deduction,-0.09497754151881477,-1617.2420394496585,deduction,0.1636581379349078,2779.5639661980167,deduction,0.018642388060730042,317.07777700046427,deduction
REL03028,E.ON,0.6316684925377292,-0.03911553785775901,-40063.59472734365,deduction,0.6226020381211894,633499.6861867699,deduction,0.009652958321204608,9882.115098777693,deduction,0.021128530753400376,21627.638118181494,deduction
REL03030,Vattenfall,0.8749473187432466,0.005834010925975797,5589.752305177506,deduction,0.14704771088756008,140693.16124297585,deduction,-0.03597108846704611,-34479.39759537787,deduction,0.020975969376935133,20094.716912165168,deduction
REL03035,Ellevio,0.4893347289659733,-0.023610287400566143,-17176.182366626686,deduction,-0.043930755088594786,-31965.54194502055,deduction,0.18280055942276885,132711.52784902212,deduction,0.021218475708018047,15429.268538605189,deduction
REL03038,Lidköping Elnät,-0.4318594304211887,0.008747131205366632,167.62312740424386,reward,-0.21854957154845422,-4197.662607534271,reward,0.017610599050876807,337.44566312240204,reward,0.021813134046322347,417.95497483327017,reward
REL03041,Hjo Elnät,0.9821717872392943,-0.10486647458181064,-338.9156785726482,deduction,0.7368802828442655,2361.642600591156,deduction,-0.11578395060403146,-374.2402869392122,deduction,-0.061744622446369135,-199.4654925923246,deduction
REL03042,Skara Elnät,-0.0014934709565039839,-0.1256477838707637,-770.666949081924,deduction,0.33068380542956577,2019.0310192528523,reward,0.06401975567288387,391.92430034247604,reward,0.02153259019010978,131.87697450853173,reward
REL03043,Karlsborgs Elnät,1.1894607712547245,-0.15553390807887535,-667.540882345962,deduction,0.772293837469018,3284.2010799413447,deduction,0.00676703354720587,28.996823996438252,deduction,-0.20778824614855473,-892.2762871201357,deduction
REL03044,Ulricehamn Energi,0.8003922067881142,-0.10209350842618203,-993.9006115227794,deduction,0.06233369085411056,605.8378843496403,deduction,0.01640368322350927,159.50475449755413,deduction,-0.17038746420243722,-1659.8845398416752,deduction
REL03047,Karlshamn Elnät,0.8861595756980423,-0.03788913169697761,-243.72971742348273,deduction,0.844526083130881,5385.072552083473,deduction,0.16405482580745812,1053.1971834306423,deduction,0.02096897358234706,134.80826457381772,deduction
REL03049,Alingsås Energi,0.9308208758999514,0.031067685588914706,384.9185538591046,deduction,-0.3243329123260974,-4032.6197802529987,deduction,0.13986939469001758,1731.0607688632626,deduction,0.020941138399588333,259.48006970629285,deduction
REL03050,Näckåns Elnät (Viggafors),0.029948481140840144,-0.254033447255253,-59.55621518589202,deduction,0.3621257575269099,84.37621943812955,reward,0.45760071481808495,106.5203931986573,reward,0.02151228311744191,5.029515993122967,deduction
