REId,name_short,phi_mechanic,phi_input,reconciliation,interaction,residual_total,C1_legacy_2in,C4_twosided_1in,published
REL00001,Ale El,-0.12078587534783969,-0.11177706314823288,-4.440892098500626e-16,-0.22355412629646576,-0.232562938496073,1.8244601098569957,1.5918971713609231,1.8244601098569961
REL00003,Almnäs Bruk,-1.2896914726029718,-0.14193161294566714,8.881784197001252e-16,-0.2838632258913343,-1.431623085548638,1.0000000000000009,-0.43162308554863804,1.0
REL00004,Alvesta Elnät,-0.27497691846664063,-0.13039959499622222,-0.016626349872427948,-0.2693583382968212,-0.4220028633352908,1.737370937528282,1.3319944240654191,1.75399728740071
REL00005,Arvika Teknik,-0.2776902676895121,-0.061194478014092724,-0.05127091034669018,-0.27158601098160595,-0.390155656050295,1.3547169137183568,1.015832168014752,1.405987824065047
REL00007,Bengtsfors Energi,-0.2746933683590913,-0.10396738006431816,-1.660565018823945e-08,-0.2689174148810425,-0.37866076502905965,1.752583054281165,1.3739223058577554,1.752583070886815
REL00008,Bergs Tingslags,-0.27794299679887446,-0.05733858659900948,-0.5032380488651182,-0.2718091339789064,-0.8385196322630022,1.321222060991878,0.985940477593994,1.8244601098569961
REL00010,Bjäre Kraft,-0.27547815736772563,-0.08814992142325284,-0.020014713291760078,-0.26958841916191467,-0.38364279208273855,1.6444480859853616,1.2808200071943832,1.6644627992771217
REL00011,Bjärke Energi,0.0,0.0,-4.440892098500626e-16,0.0,-4.440892098500626e-16,1.8244601098569957,1.8244601098569957,1.8244601098569961
REL00012,Upplands Energi,-0.27708821168532793,-0.11596872081272025,-0.010428089039149713,-0.2713385887626707,-0.4034850215371979,1.4685457284217662,1.075488795923718,1.478973817460916
REL00014,Blåsjön Nät,-0.5189012111907476,0.5722995879777648,8.881784197001252e-16,0.21175031152897983,0.05339837678701809,1.0000000000000009,1.053398376787018,1.0
REL00015,Bodens Energi,-1.2896914726029718,-0.14193161294566714,8.881784197001252e-16,-0.2838632258913343,-1.431623085548638,1.0000000000000009,-0.43162308554863804,1.0
REL00016,Boo Energi,-1.2896914726029718,-0.14193161294566714,8.881784197001252e-16,-0.2838632258913343,-1.431623085548638,1.0000000000000009,-0.43162308554863804,1.0
REL00017,Borgholm Energi,-0.27654540474135736,-0.08786438812236064,0.1157131972169041,-0.2706317708145889,-0.2486965956468139,1.513757871879795,1.149348079016077,1.398044674662891
REL00018,Borlänge Energi,-0.7830933889926561,0.39622618602133675,8.881784197001252e-16,0.729332941329297,-0.3868672029713185,1.0000000000000009,0.6131327970286815,1.0
REL00019,Borås Elnät,-0.6013517577530103,0.27656784202315654,8.881784197001252e-16,0.36738415659354207,-0.3247839157298529,1.0000000000000009,0.6752160842701471,1.0
REL00021,Bromölla Energi,-0.31772388635626925,-0.12568892275273136,8.881784197001252e-16,-0.2513778455054627,-0.4434128091089997,1.0000000000000009,0.5565871908910003,1.0
REL00023,C4 Elnät,-0.9465234540525502,0.15846407848638666,8.881784197001252e-16,0.3169281569727733,-0.7880593755661627,1.0000000000000009,0.21194062443383732,1.0
REL00024,Carlfors Bruk,,,0.0,,,1.0,,1.0
REL00025,Degerfors Energi,-0.3377747451891455,-0.11112741328771492,8.881784197001252e-16,-0.22225482657542983,-0.44890215847685955,1.0000000000000009,0.5510978415231405,1.0
REL00029,Övertorneå Energi,-1.2073860914993295,-0.0981820262774713,8.881784197001252e-16,-0.1963640525549426,-1.3055681177768,1.0000000000000009,-0.30556811777679993,1.0
REL00030,Eksjö Elnät,-1.2896914726029718,-0.14193161294566714,8.881784197001252e-16,-0.2838632258913343,-1.431623085548638,1.0000000000000009,-0.43162308554863804,1.0
REL00031,Emmaboda Elnät,-0.4938230428455648,0.6727364545947467,8.881784197001252e-16,0.1646395572845849,0.17891341174918285,1.0000000000000009,1.1789134117491828,1.0
REL00033,Halmstads Energi,-1.2896914726029718,-0.14193161294566714,8.881784197001252e-16,-0.2838632258913343,-1.431623085548638,1.0000000000000009,-0.43162308554863804,1.0
REL00035,Eskilstuna Energi,-0.9401361230809591,-0.052246700408897784,8.881784197001252e-16,-0.10449340081779557,-0.992382823489856,1.0000000000000009,0.007617176510144041,1.0
REL00037,Falbygdens Energi,-0.08064953989863621,-0.06911714474717723,-4.440892098500626e-16,-0.13823428949435446,-0.14976668464581389,1.8244601098569957,1.6746934252111823,1.8244601098569961
REL00038,Falkenberg Energi,-0.759611043628794,-0.11213759668587953,8.881784197001252e-16,-0.22427519337175905,-0.8717486403146726,1.0000000000000009,0.12825135968532742,1.0
REL00040,Filipstad Energi,-0.04861490952069447,-0.04861490952069447,-4.440892098500626e-16,-0.09722981904138894,-0.09722981904138939,1.8244601098569957,1.7272302908156068,1.8244601098569961
REL00043,Gislaved Energi,-1.1995813881126416,-0.05182152845533694,8.881784197001252e-16,-0.10364305691067388,-1.2514029165679776,1.0000000000000009,-0.25140291656797764,1.0
REL00049,Grästorps Energi,-0.5705197463681699,0.6910333276927361,8.881784197001252e-16,0.31661776539806397,0.12051358132456702,1.0000000000000009,1.120513581324567,1.0
REL00062,Göteborg Energi,-1.2896914726029718,-0.14193161294566714,8.881784197001252e-16,-0.2838632258913343,-1.431623085548638,1.0000000000000009,-0.43162308554863804,1.0
REL00064,Habo Kraft,-0.27470668381497365,-0.11070925505058948,-0.026784673818047278,-0.26897201907178925,-0.4122006126836104,1.7559568047203378,1.3705408658547746,1.782741478538385
REL00067,Hallstaviks Elverk,-1.2896914726029718,-0.14193161294566714,8.881784197001252e-16,-0.2838632258913343,-1.431623085548638,1.0000000000000009,-0.43162308554863804,1.0
REL00072,Herrljunga Elektriska,-1.0900954654272654,-0.11699860679470486,8.881784197001252e-16,-0.23399721358940972,-1.2070940722219694,1.0000000000000009,-0.2070940722219694,1.0
REL00074,Hjärtums Elförening,-0.28440382560115385,-0.04641157715792321,8.881784197001252e-16,-0.2666606209938305,-0.33081540275907617,1.0000000000000009,0.6691845972409238,1.0
REL00075,Hofors Elverk,-0.7741595968371762,-0.13076683948274326,8.881784197001252e-16,-0.2615336789654865,-0.9049264363199185,1.0000000000000009,0.09507356368008146,1.0
REL00077,Härnösand Elnät,-0.27696670412239444,-0.12441664287760057,-0.003689900681713487,-0.27127213130782035,-0.4050732476817085,1.4896091410408596,1.0882257940408646,1.493299041722573
REL00078,Härryda Energi,0.0,0.0,-4.440892098500626e-16,0.0,-4.440892098500626e-16,1.8244601098569957,1.8244601098569957,1.8244601098569961
REL00080,Höganäs Energi,-0.27912574453418104,-0.09478242364325817,0.20619724050510246,-0.2732021986221467,-0.16771092767233675,1.2061972405051025,0.8322890723276632,1.0
REL00083,Jukkasjärvi,-0.07067448056458092,0.40989869875264207,-0.012912588205082454,0.14134896112916184,0.3263116299829787,1.4852358916689345,1.8244601098569957,1.498148479874017
REL00085,Jämtkraft,-0.11054552178082488,-0.11054552178082488,-4.440892098500626e-16,-0.22109104356164977,-0.2210910435616502,1.8244601098569957,1.603369066295346,1.8244601098569961
REL00086,Jönköping Energi,-0.8280509115013046,0.2791911656407631,8.881784197001252e-16,0.5583823312815261,-0.5488597458605406,1.0000000000000009,0.45114025413945935,1.0
REL00087,Kalmar Energi,-1.051380664082574,-0.13037308025594663,8.881784197001252e-16,-0.26074616051189325,-1.1817537443385198,1.0000000000000009,-0.18175374433851976,1.0
REL00090,Karlskoga Elnät,-0.2784518609072695,-0.1336667272135328,-0.009178258082220836,-0.2727861653052166,-0.4212968462030231,1.3163976512060582,0.904279063085256,1.325575909288279
REL00091,Affärsverken Karlskrona,-0.22077341683024443,-0.04897833630317372,-0.014182602978851655,-0.16141017436726024,-0.2839343561122698,1.7927333589765393,1.5229816058431211,1.806915961955391
REL00092,Karlstads Elnät,-0.38670131632815297,-0.12670348300459766,8.881784197001252e-16,-0.2534069660091953,-0.5134047993327497,1.0000000000000009,0.48659520066725026,1.0
REL00093,Tekniska verken Katrineholm,-0.8792687009586686,-0.12308933557005908,8.881784197001252e-16,-0.24617867114011815,-1.0023580365287268,1.0000000000000009,-0.0023580365287267924,1.0
REL00098,Kristinehamns Elnät,-0.26568309700829573,0.1908815958092669,-0.2620744437078488,-0.24886853259431518,-0.33687594490687767,1.5091442477505712,1.4343427465515424,1.77121869145842
REL00100,Kungälv Energi,-0.2801869576005256,-0.10154161775322024,-0.005499454063318199,-0.2742844254007615,-0.387228029417064,1.0837353260042537,0.7020067506505079,1.089234780067572
REL00103,Landskrona Energi,-1.2119291133262822,-0.06416925366897752,8.881784197001252e-16,-0.12833850733795504,-1.2760983669952588,1.0000000000000009,-0.2760983669952588,1.0
REL00106,Lerum Energi,-0.2779919508688944,-0.12921195734064694,0.1635928095207846,-0.2723072696953599,-0.24361109868875674,1.3687162590019897,0.9615123507924483,1.205123449481205
REL00111,Tekniska verken Linköping,-1.2896914726029718,-0.14193161294566714,8.881784197001252e-16,-0.2838632258913343,-1.431623085548638,1.0000000000000009,-0.43162308554863804,1.0
REL00112,Ljungby Energi,-1.2896914726029718,-0.14193161294566714,8.881784197001252e-16,-0.2838632258913343,-1.431623085548638,1.0000000000000009,-0.43162308554863804,1.0
REL00113,Ljusdal Elnät,-0.27785479287538717,-0.00852306546590409,-0.05391361309532461,-0.27141688534575437,-0.34029147143661587,1.2956457640177943,1.009267905676503,1.349559377113119
REL00118,Luleå Energi,-0.5597719146972713,-0.07044970259035832,8.881784197001252e-16,-0.14089940518071664,-0.6302216172876287,1.0000000000000009,0.3697783827123713,1.0
REL00121,LEVA i Lysekil,-0.45226339083419553,-0.11786331770198277,8.881784197001252e-16,-0.23572663540396555,-0.5701267085361774,1.0000000000000009,0.4298732914638226,1.0
REL00123,Malung-Sälens Elnät,-0.27844447985970744,-0.12376174393023964,-0.05408866895650877,-0.2727167866191982,-0.45629489274645585,1.3099245824683692,0.9077183586784221,1.364013251424878
REL00126,Mellersta Skånes Kraft,-0.1415604240433188,-0.1337640374457605,-4.440892098500626e-16,-0.267528074891521,-0.27532446148907974,1.8244601098569957,1.5491356483679164,1.8244601098569961
REL00127,Mjölby Kraft,-0.18574539246651867,-0.12780935101088797,-4.440892098500626e-16,-0.25561870202177595,-0.3135547434774071,1.8244601098569957,1.510905366379589,1.8244601098569961
REL00128,Mölndal Energi,-1.2180339328223877,-0.07027407316508305,8.881784197001252e-16,-0.1405481463301661,-1.2883080059874699,1.0000000000000009,-0.28830800598746986,1.0
REL00130,Nacka Energi,-0.16326831299936506,-0.09160785527030368,0.006822751227741453,-0.18321571054060737,-0.2480534170419273,1.8244601098569957,1.569583941587327,1.8176373586292542
REL00133,Norrtälje Energi,-0.2853634384695103,-0.027747967907554294,-0.0007308523747311391,-0.2643043955904867,-0.3138422587517957,1.0000000000000009,0.6868885936229363,1.000730852374732
REL00135,Nossebroortens Energi,-0.6090762366208535,0.285927005712705,8.881784197001252e-16,0.382873467519973,-0.3231492309081476,1.0000000000000009,0.6768507690918524,1.0
REL00137,Nybro Elnät,-0.3753415495569179,0.14355972234567638,8.881784197001252e-16,-0.08234454762137133,-0.23178182721124063,1.0000000000000009,0.7682181727887594,1.0
REL00139,Näckåns Elnät,-0.27927457662163535,-0.0313789842537715,-0.23407430981470267,-0.27294811684013265,-0.5447278706901095,1.1411663687041163,0.8305128078287094,1.375240678518819
REL00141,Nässjö Affärsverk,-1.2896914726029718,-0.14193161294566714,8.881784197001252e-16,-0.2838632258913343,-1.431623085548638,1.0000000000000009,-0.43162308554863804,1.0
REL00143,Olofströms Kraft,-0.9797909157533147,0.16796894390398998,8.881784197001252e-16,0.33593788780797995,-0.8118219718493238,1.0000000000000009,0.1881780281506762,1.0
REL00144,Olseröds El,-0.07009899593083402,0.13313006548693052,-0.06303106955609694,0.14019799186166804,-4.440892098500626e-16,1.7614290403008992,1.8244601098569957,1.8244601098569961
REL00146,Oskarshamn Energi,-1.103839961064168,-0.1177141359061884,8.881784197001252e-16,-0.2354282718123768,-1.2215540969703556,1.0000000000000009,-0.22155409697035555,1.0
REL00147,Oxelö Energi,-1.2896914726029718,-0.14193161294566714,8.881784197001252e-16,-0.2838632258913343,-1.431623085548638,1.0000000000000009,-0.43162308554863804,1.0
REL00148,Partille Energi,-0.27907015972837845,-0.09002447976736994,0.029524276576609054,-0.27311779403926817,-0.33957036291913933,1.2093561450103651,0.8402615055146168,1.179831868433756
REL00149,PiteEnergi,-1.179088476713469,-0.1374312665942623,8.881784197001252e-16,-0.2748625331885246,-1.3165197433077305,1.0000000000000009,-0.3165197433077305,1.0
REL00152,Ronneby Miljöteknik,-0.27480246050065604,-0.08755918302997268,-0.010014660316870927,-0.2689230837747969,-0.37237630384749965,1.7269670572636953,1.3646054137330665,1.7369817175805662
REL00156,Rödeby Elverk,-0.04860633725166652,-0.02940474617122435,-4.440892098500626e-16,-0.0588094923424487,-0.07801108342289131,1.8244601098569957,1.7464490264341048,1.8244601098569961
REL00157,Sala-Heby Energi,-0.9396485801397014,-0.12330936607944376,8.881784197001252e-16,-0.24661873215888752,-1.0629579462191443,1.0000000000000009,-0.0629579462191443,1.0
REL00158,Sandhult-Sandared,-1.2896914726029718,-0.14193161294566714,8.881784197001252e-16,-0.2838632258913343,-1.431623085548638,1.0000000000000009,-0.43162308554863804,1.0
REL00160,SEVAB,-0.27545818667146227,0.23221086951862313,-0.10960766523993026,-0.26758002804452286,-0.1528549823927694,1.4091678765415727,1.3659205593887336,1.518775541781503
REL00163,Sjogerstads El,-0.27537897314520166,-0.12273718054263139,-0.0005476870438281267,-0.2697051979699161,-0.39866384073166117,1.6823205192985968,1.2842043656107638,1.682868206342425
REL00164,Sjöbo Elnät,-0.2781486298433111,-0.0715447550009185,-0.00041389271838720987,-0.2720994252744413,-0.35010727756261684,1.3068838198420307,0.9571904349978011,1.307297712560418
REL00167,Skurups Elverk,-1.0731395165876678,0.07462034306963683,8.881784197001252e-16,0.14924068613927366,-0.9985191735180301,1.0000000000000009,0.001480826481969899,1.0
REL00168,Skyllbergs Bruk,-0.44019037728416643,-0.11426939633679689,8.881784197001252e-16,-0.22853879267359378,-0.5544597736209624,1.0000000000000009,0.44554022637903756,1.0
REL00169,Skånska Energi,-0.5980339773746901,-0.0798891966826587,8.881784197001252e-16,-0.1597783933653174,-0.6779231740573479,1.0000000000000009,0.3220768259426521,1.0
REL00170,Skövde Energi,-0.9674627920415513,-0.11658844587593142,8.881784197001252e-16,-0.23317689175186285,-1.0840512379174818,1.0000000000000009,-0.08405123791748181,1.0
REL00171,Smedjebacken Energi,-0.8350177933929892,-0.09260115790259427,8.881784197001252e-16,-0.18520231580518853,-0.9276189512955826,1.0000000000000009,0.07238104870441742,1.0
REL00173,Sollentuna Energi,-1.2434501727174085,-0.1222760405308776,8.881784197001252e-16,-0.2445520810617552,-1.3657262132482852,1.0000000000000009,-0.36572621324828525,1.0
REL00175,Staffanstorps Energi,-0.27684389040735224,0.3805971542984232,-0.21026171758706824,-0.26799209181709305,-0.10650845369599726,1.1300271227790537,1.2337803866701247,1.340288840366122
REL00177,Sturefors El,-1.2896914726029718,-0.14193161294566714,8.881784197001252e-16,-0.2838632258913343,-1.431623085548638,1.0000000000000009,-0.43162308554863804,1.0
REL00178,Sundsvall Elnät,-0.2778315418080046,-0.055063681481426485,0.02015672985815642,-0.2716858413825296,-0.3127384934312747,1.3330350941384683,1.0001398708490372,1.312878364280312
REL00182,Njudung Sävsjö,-0.4666741236822314,-0.12290381892056113,8.881784197001252e-16,-0.24580763784112225,-0.5895779426027916,1.0000000000000009,0.4104220573972084,1.0
REL00183,Söderhamn Elnät,-0.2995008860248838,0.016981261005910575,-0.09251639156813107,-0.2352750965316286,-0.3750360165871043,1.0000000000000009,0.7174803749810277,1.092516391568132
REL00184,Södra Hallands Kraft,-0.27663130998940577,0.4305876701775624,-0.3381379039749661,-0.26747280960122133,-0.1841815437868095,1.1189552817299608,1.2729116419181175,1.457093185704927
REL00185,Sölvesborg Energi,-0.279372237427733,0.02561500488851287,-0.09450760202556219,-0.27268356252259096,-0.3482648345647823,1.0870917787388468,0.8333345461996267,1.181599380764409
REL00186,Telge Nät,-1.1394085045000613,-0.008778890895633218,8.881784197001252e-16,-0.017557781791266436,-1.1481873953956936,1.0000000000000009,-0.1481873953956936,1.0
REL00187,Tibro Elnät,-0.5824614877986356,-0.06843383485684029,8.881784197001252e-16,-0.13686766971368058,-0.650895322655475,1.0000000000000009,0.349104677344525,1.0
REL00191,Trollhättan Energi,-1.2896914726029718,-0.14193161294566714,8.881784197001252e-16,-0.2838632258913343,-1.431623085548638,1.0000000000000009,-0.43162308554863804,1.0
REL00193,Töre Energi,-0.2766162700237107,-0.13385849256566384,-0.28514857526342796,-0.27098729504850816,-0.6956233378528025,1.5393115345935682,1.1288367720041936,1.8244601098569961
REL00195,Uddevalla Energi,-0.8706798801329962,-0.12853414475840763,8.881784197001252e-16,-0.25706828951681526,-0.999214024891403,1.0000000000000009,0.0007859751085970146,1.0
REL00201,Vallebygdens Energi,-0.9158653255057325,0.23189453415157213,8.881784197001252e-16,0.46378906830314426,-0.6839707913541595,1.0000000000000009,0.3160292086458405,1.0
REL00203,Vara Energi,-0.3730833603551864,-0.08660918211750301,8.881784197001252e-16,-0.17321836423500603,-0.45969254247268854,1.0000000000000009,0.5403074575273115,1.0
REL00204,Varberg Energi,-0.48238447157268327,-0.11544016838226367,8.881784197001252e-16,-0.23088033676452735,-0.5978246399549461,1.0000000000000009,0.40217536004505394,1.0
REL00205,Varbergsortens Elkraft,-0.2505575297057083,-0.045154241463030154,-0.01845027443438907,-0.22070112691690014,-0.31416204560312755,1.7592637878615758,1.4635520166928373,1.7777140622959648
REL00235,Värnamo Elnät,-0.8021833539385681,-0.12680072143124166,8.881784197001252e-16,-0.2536014428624833,-0.9289840753698089,1.0000000000000009,0.07101592463019113,1.0
REL00239,Västerviks Elnät,-0.8923941673879665,-0.11474229963811533,8.881784197001252e-16,-0.22948459927623066,-1.007136467026081,1.0000000000000009,-0.00713646702608095,1.0
REL00242,Västra Orust Energi,-0.2757094218896694,-0.07860859573832757,-0.01136671754136076,-0.26975576180363614,-0.36568473516935773,1.609025793278862,1.254707775650865,1.6203925108202228
REL00243,Växjö Energi,-0.2799567697086891,-0.13326017263883827,0.07145557051959583,-0.27425938933527405,-0.34176137182793154,1.134915047073748,0.7216981047262205,1.063459476554152
REL00244,Ystad Energi,-0.2786790494761604,-0.1336621696385487,-0.026765296720832055,-0.2730089290808646,-0.43910651583554117,1.2889586326380709,0.8766174135233618,1.315723929358903
REL00246,Ålem Energi,-0.27532119313754544,0.04565834314665951,-0.09035925888909402,-0.2686060505988186,-0.32002210887997995,1.564306391391579,1.334643541400693,1.654665650280673
REL00249,Årsunda Kraft,-0.3232870839541824,0.13915717702329689,8.881784197001252e-16,-0.18528249091536164,-0.1841299069308846,1.0000000000000009,0.8158700930691154,1.0
REL00255,Östra Kinds Elkraft,-1.2896914726029718,-0.14193161294566714,8.881784197001252e-16,-0.2838632258913343,-1.431623085548638,1.0000000000000009,-0.43162308554863804,1.0
REL00257,Övik Energi,,,0.0,,,1.0,,1.0
REL00267,Mälarenergi,-0.3290978402619049,-0.0966060712207617,8.881784197001252e-16,-0.1932121424415234,-0.42570391148266573,1.0000000000000009,0.5742960885173343,1.0
REL00332,Tidaholms Elnät,-0.18403653863515723,-0.0961219420528514,-4.440892098500626e-16,-0.1922438841057028,-0.2801584806880091,1.8244601098569957,1.544301629168987,1.8244601098569961
REL00364,Österlens Kraft,-0.2794502415115696,-0.048396646975223945,-0.08412058292002245,-0.2732273044506517,-0.411967471406816,1.1326758283657146,0.804828939878921,1.216796411285737
REL00570,Västerbergslagens Elnät,-0.6618617839007079,-0.13927608574171302,8.881784197001252e-16,-0.27855217148342604,-0.8011378696424201,1.0000000000000009,0.19886213035757994,1.0
REL00576,Härjeåns,-0.3620893981652329,-0.13343798640294002,-0.10780028349268722,-0.26687597280588005,-0.6033276680608601,1.0000000000000009,0.504472615431828,1.107800283492688
REL00584,Umeå Energi,-0.27677870257117876,0.28537494232913074,-0.018448281590078164,-0.2685270954025709,-0.00985204183212618,1.2084373705551599,1.2170336103131119,1.226885652145238
REL00585,Götene Elförening,-0.8165362727836412,-0.13989516191077467,8.881784197001252e-16,-0.27979032382154934,-0.9564314346944149,1.0000000000000009,0.04356856530558506,1.0
REL00590,LKAB Nät,-0.12522402062403737,0.15544499139418244,-0.09774144238021654,0.03058817169614425,-0.06752047161007146,1.6843092043108854,1.7145301750810304,1.782050646691102
REL00594,VänerEnergi,-0.31535664510953243,-0.10654905081122212,-0.004587950717316103,-0.21309810162244425,-0.42649364663807066,1.0000000000000009,0.5780943040792463,1.004587950717317
REL00824,Skellefteå Kraft,-1.2896914726029718,-0.14193161294566714,8.881784197001252e-16,-0.2838632258913343,-1.431623085548638,1.0000000000000009,-0.43162308554863804,1.0
REL00885,Gävle Energi,-0.659471577631543,-0.12743441697570246,8.881784197001252e-16,-0.2548688339514049,-0.7869059946072445,1.0000000000000009,0.21309400539275547,1.0
REL00886,Kraftringen,-0.2771298392799437,-0.035168349493219786,0.13735405791128708,-0.2708751436829804,-0.17494413086187643,1.403435391687724,1.0911372029145605,1.266081333776437
REL00899,Kvänumbygdens Energi,-1.289691472602971,-0.14193161294566714,0.0,-0.2838632258913343,-1.431623085548638,1.0,-0.43162308554863804,1.0
REL00904,Öresundskraft,-0.40421760201219126,-0.1320125126549998,8.881784197001252e-16,-0.2640250253099996,-0.5362301146671902,1.0000000000000009,0.46376988533280983,1.0
REL00936,Njudung Vetlanda,-0.6756450975941575,0.052105468003393884,8.881784197001252e-16,0.10421093600678777,-0.6235396295907627,1.0000000000000009,0.3764603704092373,1.0
REL00937,Tranås Energi,-0.2752593857984098,-0.06359813364419376,-0.02404293842577232,-0.26922234136173007,-0.3629004578683759,1.6530313745388048,1.3141738550962012,1.677074312964577
REL00938,Hedemora Elnät,-0.14733381623691644,0.22187153739966492,-0.19448212905732687,-0.012897066350281428,-0.11994440789457839,1.59614003928219,1.6706777604449385,1.790622168339517
REL00944,Linde Energi,-1.2227481904712345,-0.07498833081392986,8.881784197001252e-16,-0.14997666162785972,-1.2977365212851635,1.0000000000000009,-0.2977365212851635,1.0
REL00945,Gotlands Elnät,-0.2754858282517869,0.20114102877255569,0.24685870933138765,-0.2678002772472432,0.17251390985215642,1.4288015993100256,1.3544567998307944,1.181942889978638
REL00958,Vimmerby Energi,-0.2774376017992686,-0.13147436848403027,-0.0010661513031082759,-0.2717778485454625,-0.4099781215864071,1.4376166877879237,1.0287047175046249,1.438682839091032
REL00959,Åsele Elnät,-1.1048029878806709,0.042956871776633765,8.881784197001252e-16,0.08591374355326753,-1.0618461161040362,1.0000000000000009,-0.06184611610403623,1.0
REL00965,Sörbylunds Elnät,,,0.0,,,1.0,,1.0
REL01010,Sandviken Energi,-0.27870898483918216,-0.07900577364375883,-0.016779019746349322,-0.2726948067664603,-0.3744937782292903,1.2447150099453408,0.8870002514623998,1.26149402969169
REL01012,Brittedals Elnät,-0.27649624743039114,0.08663406564531906,-0.04034854245147379,-0.26949640025517585,-0.23021072423654587,1.3901695839997341,1.200307402214662,1.430518126451208
REL03009,Dala Energi,-0.27785547331119487,0.15238237749285455,-0.15262493086405415,-0.2704070213551235,-0.2780980266823945,1.176164134425406,1.0506910386070656,1.32878906528946
REL03015,Falu Elnät,-0.4427182233506466,0.6725298958743853,-0.22874191025701318,0.06366070768915044,0.0010697622667255047,1.0000000000000009,1.2298116725237396,1.228741910257014
REL03016,Vaggeryds Elverk,-1.2896914726029718,-0.14193161294566714,8.881784197001252e-16,-0.2838632258913343,-1.431623085548638,1.0000000000000009,-0.43162308554863804,1.0
REL03019,Trelleborgs Elnät,-0.2748916715697658,-0.1063203732342255,-0.07235098731268597,-0.2691262192592303,-0.45356303211667726,1.729944601594413,1.3487325567904218,1.802295588907099
REL03028,E.ON,-0.9854272123280661,0.16233264732923858,8.881784197001252e-16,0.32466529465847715,-0.8230945649988266,1.0000000000000009,0.1769054350011734,1.0
REL03030,Vattenfall,-0.5385196960212446,0.16554605856468063,8.881784197001252e-16,0.2405292790456981,-0.3729736374565631,1.0000000000000009,0.6270263625434369,1.0
REL03035,Ellevio,-0.8225041011387102,0.037538307518536485,8.881784197001252e-16,0.07507661503707297,-0.7849657936201728,1.0000000000000009,0.21503420637982718,1.0
REL03038,Lidköping Elnät,-1.001208183356589,0.057062729349427466,8.881784197001252e-16,0.11412545869885493,-0.9441454540071605,1.0000000000000009,0.055854545992839455,1.0
REL03041,Hjo Elnät,-0.2795112413334411,-0.1369215180979766,0.11415452362801881,-0.2738455695846964,-0.30227823580339885,1.1911402085360567,0.7747074491046391,1.076985684908038
REL03042,Skara Elnät,-1.2896914726029718,-0.14193161294566714,8.881784197001252e-16,-0.2838632258913343,-1.431623085548638,1.0000000000000009,-0.43162308554863804,1.0
REL03043,Karlsborgs Elnät,-0.2781541902058371,-0.1349780307039139,-0.001205818747985088,-0.27250246934429345,-0.4143380396577361,1.353365194074696,0.940232973164945,1.354571012822681
REL03044,Ulricehamn Energi,-0.30249771329823316,0.24197075275375068,-0.09545146910277014,-0.22383399001311144,-0.15597842964725261,1.0000000000000009,0.9394730394555184,1.095451469102771
REL03047,Karlshamn Elnät,-0.9489542691587638,-0.12991136925698532,8.881784197001252e-16,-0.25982273851397064,-1.0788656384157482,1.0000000000000009,-0.07886563841574823,1.0
REL03049,Alingsås Energi,-0.277062069137346,-0.13366371723128045,-0.014468388003741062,-0.2714232529832161,-0.4251941743723675,1.48488231665318,1.0741565302845535,1.499350704656921
REL03050,Näckåns Elnät (Viggafors),-1.2896914726029718,-0.14193161294566714,8.881784197001252e-16,-0.2838632258913343,-1.431623085548638,1.0000000000000009,-0.43162308554863804,1.0
