REId,name_short,v_empty_pp,v_full_pp,phi_losses,phi_nonctrl,phi_capex_adj,phi_cable,sum_phi,residual_vs_current_pp
REL00001,Ale El,1.5918971713609231,1.4083745064336517,0.05944987616325151,-0.3988027529294669,0.0734470142455331,0.08238319759341083,-0.18352266492727143,-0.232562938496073
REL00003,Almnäs Bruk,-0.43162308554863804,-0.4318594304211887,0.0037307955974730245,-0.1031967667325902,0.008786041299024827,0.09044358496354173,-0.00023634487255062842,-1.431623085548638
REL00004,Alvesta Elnät,1.3319944240654191,0.9451031452142322,-0.11305256514102988,0.8182589406258776,-0.14316904247611656,-0.9489286118599182,-0.386891278851187,-0.4220028633352908
REL00005,Arvika Teknik,1.015832168014752,0.4703160640073367,-0.045484642070616386,-0.5292153166116143,-0.0006785843211065696,0.029862438995921965,-0.5455161040074152,-0.390155656050295
REL00007,Bengtsfors Energi,1.3739223058577554,1.333212107424031,-0.021128848365346377,0.10586558045787009,-0.20407030925050546,0.07862337872425741,-0.04071019843372432,-0.37866076502905965
REL00008,Bergs Tingslags,0.985940477593994,0.6613994679460111,-0.1611121208343798,-0.46490461855812254,0.6337571498336692,-0.33228142008914957,-0.32454100964798277,-0.8385196322630022
REL00010,Bjäre Kraft,1.2808200071943832,0.5721504637150598,-0.26577171500642793,-0.23597251516905096,0.038069399191720255,-0.24499471249556462,-0.7086695434793232,-0.38364279208273855
REL00011,Bjärke Energi,1.8244601098569957,1.2170194613408958,-0.07197804001259356,-0.14845408656723827,0.06120036446582433,-0.4482088864020924,-0.6074406485160999,-4.440892098500626e-16
REL00012,Upplands Energi,1.075488795923718,1.037512847882871,-0.049988302686002996,-0.12215027490818005,0.09213405121269261,0.042028578340643406,-0.037975948040847037,-0.4034850215371979
REL00014,Blåsjön Nät,1.053398376787018,0.23382206699773533,-0.005660391044392162,-1.203154556087326,0.3680502224503788,0.02118841489205658,-0.8195763097892829,0.05339837678701809
REL00015,Bodens Energi,-0.43162308554863804,-0.4318594304211887,0.04367276192497974,-0.1693973474242207,0.05205583716371605,0.07343240346297426,-0.0002363448725506423,-1.431623085548638
REL00016,Boo Energi,-0.43162308554863804,-0.4318594304211887,0.0037307955974730245,-0.1031967667325902,0.008786041299024827,0.09044358496354173,-0.00023634487255062842,-1.431623085548638
REL00017,Borgholm Energi,1.149348079016077,1.2033403102357232,0.00014817591622399463,0.20874592075439216,-0.16663839846361622,0.01173653301264621,0.053992231219646136,-0.2486965956468139
REL00018,Borlänge Energi,0.6131327970286815,-0.4318594304211887,0.023026243059119194,-0.5172691888318666,-0.20840064475321307,-0.3423486369239096,-1.0449922274498702,-0.3868672029713185
REL00019,Borås Elnät,0.6752160842701471,-0.015089915239541174,-0.049518233487746977,-0.8237740187842522,0.09580875237277706,0.08717750038953383,-0.6903059995096882,-0.3247839157298529
REL00021,Bromölla Energi,0.5565871908910003,0.8143574624962957,0.009674535704562448,0.3410831502111522,-0.11238252380800413,0.019395109497584904,0.2577702716052954,-0.4434128091089997
REL00023,C4 Elnät,0.21194062443383732,0.8781083413013091,-0.17298376042360436,1.0548348495817947,-0.11758042553278172,-0.09810294675793678,0.6661677168674719,-0.7880593755661627
REL00024,Carlfors Bruk,,,,,,,,
REL00025,Degerfors Energi,0.5510978415231405,0.3631858951665956,-0.21728493753834416,-0.11041462193759158,0.07191640601433291,0.067871207105058,-0.18791194635654485,-0.44890215847685955
REL00029,Övertorneå Energi,-0.30556811777679993,0.41933789193902005,0.16288503842344368,0.19316738182072096,0.2792954538668605,0.08955813560479474,0.7249060097158199,-1.3055681177768
REL00030,Eksjö Elnät,-0.43162308554863804,0.601291763240952,-0.021749108113823058,0.9987168693398264,-0.0341171562192664,0.09006424378285303,1.03291484878959,-1.431623085548638
REL00031,Emmaboda Elnät,1.1789134117491828,1.7687882401849153,-0.2529784084827328,1.0472233737068328,0.017617505213659197,-0.2219876420020269,0.5898748284357324,0.17891341174918285
REL00033,Halmstads Energi,-0.43162308554863804,-0.4318594304211887,0.0037307955974730245,-0.1031967667325902,0.008786041299024827,0.09044358496354173,-0.00023634487255062842,-1.431623085548638
REL00035,Eskilstuna Energi,0.007617176510144041,-0.1702999122069171,-0.02816520170746406,-0.24928711410630391,0.010328794595783813,0.08920643250092304,-0.17791708871706108,-0.992382823489856
REL00037,Falbygdens Energi,1.6746934252111823,1.5404433758991365,-0.02939907033252716,-0.25064967645659536,0.13718681675838523,0.008611880718691529,-0.13425004931204573,-0.14976668464581389
REL00038,Falkenberg Energi,0.12825135968532742,0.26001493694285394,-0.12491564179099578,0.5268244930202374,-0.22578459167872006,-0.04436068229299503,0.1317635772575265,-0.8717486403146726
REL00040,Filipstad Energi,1.7272302908156068,1.2235674357197857,-0.05800372452984629,-0.42051433881234257,-0.07026597832557138,0.04512118657193919,-0.5036628550958211,-0.09722981904138939
REL00043,Gislaved Energi,-0.25140291656797764,-0.2569060034103843,0.009099871733965944,-0.09000731226542769,0.04854731219731308,0.026857041491742024,-0.005503086842406645,-1.2514029165679776
REL00049,Grästorps Energi,1.120513581324567,0.41990707161247975,-0.0054983880881468855,-0.73873067032586,0.08850074978866694,-0.04487820108674729,-0.7006065097120873,0.12051358132456702
REL00062,Göteborg Energi,-0.43162308554863804,-0.4318594304211887,-0.00021353227237600868,-0.10714109460243924,0.016682733734849076,0.09043554826741554,-0.0002363448725506423,-1.431623085548638
REL00064,Habo Kraft,1.3705408658547746,1.4716645825566088,0.006880710297907374,0.19263015627628183,-0.0478152237221067,-0.05057192615024834,0.10112371670183418,-0.4122006126836104
REL00067,Hallstaviks Elverk,-0.43162308554863804,1.3284347058846846,-0.02765995502870729,1.4395718527448116,0.25840045064847994,0.08974544306873852,1.7600577914333229,-1.431623085548638
REL00072,Herrljunga Elektriska,-0.2070940722219694,0.6574847384069216,-0.02390705944638009,0.7098498239149024,0.10391389941712033,0.07472214674324831,0.864578810628891,-1.2070940722219694
REL00074,Hjärtums Elförening,0.6691845972409238,0.6167558122133654,0.20919463914283823,-0.23076005027770258,-0.10644414359124257,0.0755807696985485,-0.05242878502755842,-0.33081540275907617
REL00075,Hofors Elverk,0.09507356368008146,-0.4318594304211887,0.03553923915104451,-0.6083690917514057,0.013525351551241236,0.03237150694784992,-0.52693299410127,-0.9049264363199185
REL00077,Härnösand Elnät,1.0882257940408646,0.8218108494908671,0.04087648305946546,-0.603553750443873,0.21111604279791157,0.08514628003649846,-0.2664149445499976,-0.4050732476817085
REL00078,Härryda Energi,1.8244601098569957,1.782519230780899,0.0024185554972485273,-0.07816897555679898,0.022631962713030397,0.011177578270423389,-0.04194087907609667,-4.440892098500626e-16
REL00080,Höganäs Energi,0.8322890723276632,1.0914069773880541,0.1623894008318712,0.03659296963683205,0.08224509291304323,-0.022109558321355603,0.2591179050603909,-0.16771092767233675
REL00083,Jukkasjärvi,1.8244601098569957,1.584958251274693,-1.0531014784284295e-05,-0.053696903203864776,0.03843693004509929,-0.224231354408753,-0.23950185858230277,0.3263116299829787
REL00085,Jämtkraft,1.603369066295346,0.8410925112328993,0.059768547753709836,-0.9620097192605703,0.14524752398015206,-0.0052829075357382,-0.7622765550624466,-0.2210910435616502
REL00086,Jönköping Energi,0.45114025413945935,0.30707443162938386,0.08514177401003353,-0.5259428202560978,0.23022214215298042,0.0665130815830084,-0.1440658225100755,-0.5488597458605406
REL00087,Kalmar Energi,-0.18175374433851976,0.02852142060818519,-0.006395305886601012,0.140164031096431,-0.013129465449697914,0.08963590518657287,0.21027516494670495,-1.1817537443385198
REL00090,Karlskoga Elnät,0.904279063085256,0.7422677933585309,0.014568580945811812,-0.24845667918088432,0.06621516156937365,0.005661666938973816,-0.16201126972672503,-0.4212968462030231
REL00091,Affärsverken Karlskrona,1.5229816058431211,1.3783045922578507,-0.05181141729638054,0.06617963458508032,-0.12727870437223193,-0.031766526501738244,-0.1446770135852704,-0.2839343561122698
REL00092,Karlstads Elnät,0.48659520066725026,-0.2014892134551749,-0.03948860111932333,-0.5357630993159852,-0.17995789998942838,0.06712518630231183,-0.688084414122425,-0.5134047993327497
REL00093,Tekniska verken Katrineholm,-0.0023580365287267924,0.15677991535694158,-0.03475210314036932,-0.18026997946770837,0.41119903801707197,-0.0370390035233259,0.15913795188566837,-1.0023580365287268
REL00098,Kristinehamns Elnät,1.4343427465515424,1.6111958981667396,0.06970392970792234,0.07383587955603714,0.015841152816814533,0.0174721895344232,0.1768531516151972,-0.33687594490687767
REL00100,Kungälv Energi,0.7020067506505079,0.4457612735194516,0.20130098726419687,-0.40492226881591037,-0.11427838099774175,0.061654185418399024,-0.2562454771310562,-0.387228029417064
REL00103,Landskrona Energi,-0.2760983669952588,0.16607215487411953,-0.11056192041373017,0.3834917320529152,0.07933815934049368,0.08990255088969963,0.4421705218693784,-1.2760983669952588
REL00106,Lerum Energi,0.9615123507924483,0.48155538565728406,0.038537790493684915,-0.5338242083767635,-0.07159595539089254,0.08692540813880674,-0.47995696513516445,-0.24361109868875674
REL00111,Tekniska verken Linköping,-0.43162308554863804,-0.29536503266112124,0.010184450749888458,-0.43287536483780087,0.5414896558791266,0.017459311096302645,0.13625805288751677,-1.431623085548638
REL00112,Ljungby Energi,-0.43162308554863804,0.4091332937302239,-0.0298829899685632,0.8263151738824757,-0.019560854074517537,0.06388504943946696,0.8407563792788618,-1.431623085548638
REL00113,Ljusdal Elnät,1.009267905676503,0.5520937238447932,0.06412012020406235,-0.5247275661963369,0.04396155419483423,-0.040528290034269596,-0.45717418183170994,-0.34029147143661587
REL00118,Luleå Energi,0.3697783827123713,-0.4318594304211887,0.07520490668365039,-0.9371805866901144,0.04854690334464562,0.011790963528258517,-0.8016378131335599,-0.6302216172876287
REL00121,LEVA i Lysekil,0.4298732914638226,0.9896974291627947,0.02656704418755873,0.280617596782042,0.2281709999344128,0.024468496794958588,0.5598241376989721,-0.5701267085361774
REL00123,Malung-Sälens Elnät,0.9077183586784221,1.8244601098569957,-0.0639960384869224,0.7760846147639148,0.2796195626723859,-0.07496638777080473,0.9167417511785735,-0.45629489274645585
REL00126,Mellersta Skånes Kraft,1.5491356483679164,1.2622451276292246,0.10988628023880045,-0.522604003435125,0.056001993285957154,0.06982520917167556,-0.28689052073869187,-0.27532446148907974
REL00127,Mjölby Kraft,1.510905366379589,1.0681754393072174,0.017873627103428175,-0.43681548690066013,0.1304681989472256,-0.15425626622236527,-0.44272992707237163,-0.3135547434774071
REL00128,Mölndal Energi,-0.28830800598746986,-0.31064172894503805,0.018547662936845476,-0.1728875246206694,0.06555166251840105,0.06645447620785468,-0.022333722957568178,-1.2883080059874699
REL00130,Nacka Energi,1.569583941587327,1.1497179423517023,-0.06430559332016306,-0.524050151090022,0.1300593313818173,0.03843041379274306,-0.4198659992356246,-0.2480534170419273
REL00133,Norrtälje Energi,0.6868885936229363,1.2876284574723007,0.1311566278785518,0.008174549646292984,0.3744755538897267,0.08693313243479289,0.6007398638493644,-0.3138422587517957
REL00135,Nossebroortens Energi,0.6768507690918524,1.708308025395766,-0.014029055911544502,0.8171635036114973,0.152383713745613,0.07593909485834789,1.0314572563039137,-0.3231492309081476
REL00137,Nybro Elnät,0.7682181727887594,0.9398453361932679,-0.06825363600909869,0.16758381679645903,0.06933259865938289,0.0029643839577653264,0.17162716340450856,-0.23178182721124063
REL00139,Näckåns Elnät,0.8305128078287094,0.8978313220279643,-0.27882506940291407,-0.014493189256159502,0.3556855109864661,0.0049512618718624175,0.06731851419925496,-0.5447278706901095
REL00141,Nässjö Affärsverk,-0.43162308554863804,0.352907445902928,0.002866986008379091,0.649297081649274,0.0485634690125016,0.08380299478141136,0.7845305314515661,-1.431623085548638
REL00143,Olofströms Kraft,0.1881780281506762,0.2296623038487322,0.03792398695349012,0.10176157923486953,-0.055577845999031185,-0.04262344449127246,0.04148427569805601,-0.8118219718493238
REL00144,Olseröds El,1.8244601098569957,1.4939505001801745,-0.04189760065885043,0.07041162551263414,0.04711369343933051,-0.4061373279699354,-0.3305096096768212,-4.440892098500626e-16
REL00146,Oskarshamn Energi,-0.22155409697035555,0.17577637166668048,-0.14034415665342043,0.5890812677780031,-0.0584178974068585,0.0070112549193118694,0.397330468637036,-1.2215540969703556
REL00147,Oxelö Energi,-0.43162308554863804,-0.4318594304211887,0.0037307955974730245,-0.1031967667325902,0.008786041299024827,0.09044358496354173,-0.00023634487255062842,-1.431623085548638
REL00148,Partille Energi,0.8402615055146168,0.2774574976318389,-0.0628120976464456,-0.6683513397528983,0.08783836121343444,0.08052106830313173,-0.5628040078827776,-0.33957036291913933
REL00149,PiteEnergi,-0.3165197433077305,-0.4318594304211887,-0.05149860475284947,-0.1584261670829127,0.004315360313330205,0.09026972440897377,-0.11533968711345821,-1.3165197433077305
REL00152,Ronneby Miljöteknik,1.3646054137330665,0.845188651545592,-0.03691238927456264,-0.2595975991672439,-0.13075347987261582,-0.0921532938730522,-0.5194167621874746,-0.37237630384749965
REL00156,Rödeby Elverk,1.7464490264341048,1.2558749696464533,-0.005134967139068058,-0.343429325005932,-0.0861254622321265,-0.05588430241052489,-0.4905740567876514,-0.07801108342289131
REL00157,Sala-Heby Energi,-0.0629579462191443,0.0004978087827733901,0.15285505473497754,-0.16737332263442686,-0.009924875071698478,0.0878988979730655,0.0634557550019177,-1.0629579462191443
REL00158,Sandhult-Sandared,-0.43162308554863804,0.1086481180092358,-0.07908900990022671,0.5272862547546655,0.03876888757654111,0.05330507112689396,0.5402712035578738,-1.431623085548638
REL00160,SEVAB,1.3659205593887336,1.633963667292715,0.011263720914478359,0.07226504106247664,0.10805348743834209,0.07646085848868427,0.26804310790398134,-0.1528549823927694
REL00163,Sjogerstads El,1.2842043656107638,1.749113918685663,-0.019643969982657824,0.3783672799713755,0.10631526161803777,-0.00012901853185624205,0.4649095530748992,-0.39866384073166117
REL00164,Sjöbo Elnät,0.9571904349978011,0.23603890616981094,0.026458323589826735,0.01362941815962008,0.002610003918196435,-0.7638492744956333,-0.72115152882799,-0.35010727756261684
REL00167,Skurups Elverk,0.001480826481969899,1.2407601095171472,0.01637825390044534,1.0389619876704668,0.10636466709167217,0.07757437437259282,1.239279283035177,-0.9985191735180301
REL00168,Skyllbergs Bruk,0.44554022637903756,-0.34832952919131577,-0.3170179686929564,-0.8307588720753656,0.2651973046572849,0.08870978054068372,-0.7938697555703534,-0.5544597736209624
REL00169,Skånska Energi,0.3220768259426521,0.8746386772304549,0.12752164947669917,0.44956907460889467,-0.0768973699328231,0.05236849713503207,0.5525618512878028,-0.6779231740573479
REL00170,Skövde Energi,-0.08405123791748181,-0.10170474013734276,-0.0725401419744374,0.06467802801635632,-0.09929223605062153,0.08950084778884167,-0.017653502219860936,-1.0840512379174818
REL00171,Smedjebacken Energi,0.07238104870441742,0.13391675430109995,0.08555724400992337,-0.10426106877050127,0.04880791764865685,0.031431612708603576,0.061535705596682526,-0.9276189512955826
REL00173,Sollentuna Energi,-0.36572621324828525,-0.3821604987080618,-0.0025130937237799467,-0.09170550280074018,-0.005703397316792848,0.08348770838153644,-0.016434285459776543,-1.3657262132482852
REL00175,Staffanstorps Energi,1.2337803866701247,1.8244601098569957,0.009329569399807447,0.3432179257346697,0.1681093130774432,0.07002291497495057,0.5906797231868709,-0.10650845369599726
REL00177,Sturefors El,-0.43162308554863804,0.044398610198204125,-0.14395291265564175,0.6839615395806935,-0.15418609318252247,0.09019916200431281,0.47602169574684206,-1.431623085548638
REL00178,Sundsvall Elnät,1.0001398708490372,-0.10626143995114967,-0.04704024747459919,-1.0868871868414334,-0.0526577785703558,0.08018390208620145,-1.1064013108001869,-0.3127384934312747
REL00182,Njudung Sävsjö,0.4104220573972084,1.4083731879302785,-0.2173066637153072,1.059854355122991,0.09207735822508814,0.06332608090029815,0.9979511305330702,-0.5895779426027916
REL00183,Söderhamn Elnät,0.7174803749810277,-0.1712703131213411,-0.012517508126269616,-0.7752519584576845,-0.1651175693918631,0.06413634787344838,-0.8887506881023688,-0.3750360165871043
REL00184,Södra Hallands Kraft,1.2729116419181175,1.532239997758067,0.11242577602966763,0.03942907658522528,0.08105567999249959,0.026417823232556994,0.25932835583994945,-0.1841815437868095
REL00185,Sölvesborg Energi,0.8333345461996267,1.5947466749731687,-0.012209304003355884,0.876145989145353,-0.16730344050780074,0.06477888413934559,0.761412128773542,-0.3482648345647823
REL00186,Telge Nät,-0.1481873953956936,-0.4318594304211887,-0.20617669836592764,-0.1482642251512317,0.06045704903858788,0.01031183945307638,-0.28367203502549504,-1.1481873953956936
REL00187,Tibro Elnät,0.349104677344525,0.6137805066257496,0.0035773400045069313,0.3151386285367356,-0.02913774660118773,-0.024902392658830246,0.2646758292812245,-0.650895322655475
REL00191,Trollhättan Energi,-0.43162308554863804,-0.04417626451496126,0.03510641902919054,0.13978513791952732,0.12224599234403888,0.09030927174092003,0.3874468210336767,-1.431623085548638
REL00193,Töre Energi,1.1288367720041936,-0.15215704937867613,-0.03017480314582155,0.31608232059488295,-0.2704530046496863,-1.2964483341822448,-1.2809938213828698,-0.6956233378528025
REL00195,Uddevalla Energi,0.0007859751085970146,-0.15947771669158062,0.016544003846823602,-0.16946727292107833,-0.08170311279430778,0.07436269006838489,-0.1602636918001776,-0.999214024891403
REL00201,Vallebygdens Energi,0.3160292086458405,0.44610916117380217,-0.06437134998474592,0.12927208690267367,0.1408441877972779,-0.07566497218724395,0.13007995252796167,-0.6839707913541595
REL00203,Vara Energi,0.5403074575273115,1.426468878170306,0.029417630936510543,0.7228939790222193,0.0565134782042398,0.07733633248002506,0.8861614206429946,-0.45969254247268854
REL00204,Varberg Energi,0.40217536004505394,0.31189776029294514,0.06813955297907588,-0.20022424895715002,-0.02674829559632201,0.06855539182228734,-0.09027759975210883,-0.5978246399549461
REL00205,Varbergsortens Elkraft,1.4635520166928373,1.434389292875804,-0.016697769453954958,0.016609408947720894,-0.05097811734426915,0.02190375403346989,-0.029162723817033324,-0.31416204560312755
REL00235,Värnamo Elnät,0.07101592463019113,0.8318158123323149,0.12956752826850199,0.3945257314634668,0.16027785564705632,0.07642877232309868,0.7607998877021237,-0.9289840753698089
REL00239,Västerviks Elnät,-0.00713646702608095,-0.3178743269362183,0.06245122158079393,-0.28374926464399447,-0.13312330399871028,0.04368348715177346,-0.3107378599101374,-1.007136467026081
REL00242,Västra Orust Energi,1.254707775650865,1.3897341807128205,-0.004587959711595721,-0.02329613518108712,0.1765446921441945,-0.013634192189556266,0.13502640506195537,-0.36568473516935773
REL00243,Växjö Energi,0.7216981047262205,0.7747335410993594,-0.027441610180302847,-0.009112972321528856,0.0022018566988783288,0.08738816217609227,0.0530354363731389,-0.34176137182793154
REL00244,Ystad Energi,0.8766174135233618,1.0952487719289028,-0.2685854146450376,0.39930234422872657,0.027972219405830723,0.05994220941602143,0.21863135840554113,-0.43910651583554117
REL00246,Ålem Energi,1.334643541400693,1.4051108733259987,0.017726456501881982,0.10257243419312112,-0.033220455042631825,-0.01661110372706553,0.07046733192530574,-0.32002210887997995
REL00249,Årsunda Kraft,0.8158700930691154,1.2958150359671405,0.10616539364869577,0.17797992606087648,0.11211036334025833,0.08368925984819456,0.47994494289802514,-0.1841299069308846
REL00255,Östra Kinds Elkraft,-0.43162308554863804,-0.2938320869263822,-0.02933519115300709,0.06854395037119154,0.015436857334401774,0.08314538206966962,0.13779099862225586,-1.431623085548638
REL00257,Övik Energi,,,,,,,,
REL00267,Mälarenergi,0.5742960885173343,0.3001965233704329,0.03706063453438602,-0.36337697333484464,0.034803364910705265,0.017413408742851983,-0.2740995651469014,-0.42570391148266573
REL00332,Tidaholms Elnät,1.544301629168987,1.1935746469624586,0.04927376895820234,-0.5125944377789904,0.10092235010144002,0.011671336512819597,-0.3507269822065284,-0.2801584806880091
REL00364,Österlens Kraft,0.804828939878921,1.4574057780031735,-0.01984965450118244,0.45829679488139463,0.21128026834067262,0.0028494294033676306,0.6525768381242525,-0.411967471406816
REL00570,Västerbergslagens Elnät,0.19886213035757994,-0.4318594304211887,-0.1728519293536762,-0.2797794916837394,-0.11087385593333463,-0.06721628380801833,-0.6307215607787686,-0.8011378696424201
REL00576,Härjeåns,0.504472615431828,0.24803018858086112,0.17714301182339592,-0.524173367353022,0.4562964473268908,-0.3657085186482315,-0.2564424268509668,-0.6033276680608601
REL00584,Umeå Energi,1.2170336103131119,-0.4318594304211887,0.025309073198601095,-1.7186384925719118,0.09039290352588861,-0.04595652488687818,-1.6488930407343,-0.00985204183212618
REL00585,Götene Elförening,0.04356856530558506,-0.4318594304211887,-0.16248460882180477,-0.269412171151868,0.0297082355884983,-0.07323945134159922,-0.4754279957267737,-0.9564314346944149
REL00590,LKAB Nät,1.7145301750810304,0.5079299245099866,-0.2951716317633209,-0.47389477926224793,-0.29179129031527606,-0.14574254923019891,-1.2066002505710438,-0.06752047161007146
REL00594,VänerEnergi,0.5780943040792463,0.5829474942383506,-0.023307547446430966,0.042389704909225515,-0.05784003316056108,0.04361106585687076,0.00485319015910423,-0.42649364663807066
REL00824,Skellefteå Kraft,-0.43162308554863804,-0.4318594304211887,0.016800873065916006,-0.11626684420103318,0.02185611876746781,0.07737350749509875,-0.00023634487255062842,-1.431623085548638
REL00885,Gävle Energi,0.21309400539275547,-0.4318594304211887,-0.27181093489057895,-0.35149075928682194,-0.07391575469297416,0.05226401305643095,-0.6449534358139442,-0.7869059946072445
REL00886,Kraftringen,1.0911372029145605,1.2921166564947129,0.0012724697088906146,0.2863588927971561,0.013539621813111562,-0.10019153073900591,0.20097945358015237,-0.17494413086187643
REL00899,Kvänumbygdens Energi,-0.43162308554863804,-0.4318594304211887,0.0037307955974730245,-0.1031967667325902,0.008786041299024827,0.09044358496354173,-0.00023634487255062842,-1.431623085548638
REL00904,Öresundskraft,0.46376988533280983,0.7902786902654224,0.027072050516798358,0.2475614117578036,-0.031208589700258228,0.08308393235826883,0.3265088049326126,-0.5362301146671902
REL00936,Njudung Vetlanda,0.3764603704092373,0.6954935064422463,-0.019208857413679132,0.16285135964381378,0.14344561220753227,0.03194502159534207,0.319033136033009,-0.6235396295907627
REL00937,Tranås Energi,1.3141738550962012,0.9659996229676615,-0.033294810235630815,-0.413219475222439,0.06401495838526672,0.034325094944263425,-0.34817423212853965,-0.3629004578683759
REL00938,Hedemora Elnät,1.6706777604449385,1.5218710569559812,-0.07042695529985524,-0.05641859230786824,-0.04503099873565859,0.02306984285442478,-0.14880670348895728,-0.11994440789457839
REL00944,Linde Energi,-0.2977365212851635,-0.4318594304211887,-0.05982813143285969,-0.18561373601292028,0.05512712991763887,0.056191828392115895,-0.1341229091360252,-1.2977365212851635
REL00945,Gotlands Elnät,1.3544567998307944,0.7511498349615175,0.15507542978597616,-0.5672003479191149,0.06951538981393632,-0.26069743655007427,-0.6033069648692767,0.17251390985215642
REL00958,Vimmerby Energi,1.0287047175046249,1.1205406758994396,-0.26592394458546476,0.2728668845997558,0.04841290108554275,0.036480117294980983,0.09183595839481476,-0.4099781215864071
REL00959,Åsele Elnät,-0.06184611610403623,0.5466167350028917,0.11190561530876424,0.3900103727003815,0.05781545856942867,0.048731404528353416,0.6084628511069279,-1.0618461161040362
REL00965,Sörbylunds Elnät,,,,,,,,
REL01010,Sandviken Energi,0.8870002514623998,0.5012984470797566,0.03637324024246732,-0.5210602783658628,0.026789647108749204,0.07219558663200305,-0.38570180438264323,-0.3744937782292903
REL01012,Brittedals Elnät,1.200307402214662,1.6734620732533179,0.009256176801445783,0.4929466059761522,0.06080087691595625,-0.08984898865489846,0.4731546710386558,-0.23021072423654587
REL03009,Dala Energi,1.0506910386070656,0.8499947787741879,0.03583450426861516,0.04309078265871864,-0.20445999392839087,-0.07516155283182058,-0.20069625983287764,-0.2780980266823945
REL03015,Falu Elnät,1.2298116725237396,0.8193840220370285,0.13300332091769618,-0.3258676355316644,-0.17367078827692692,-0.043892547595815914,-0.4104276504867111,0.0010697622667255047
REL03016,Vaggeryds Elverk,-0.43162308554863804,-0.4318594304211887,0.0037307955974730245,-0.1031967667325902,0.008786041299024827,0.09044358496354173,-0.00023634487255062842,-1.431623085548638
REL03019,Trelleborgs Elnät,1.3487325567904218,1.4663120130238738,0.00041892034883620963,-0.10064981871431936,0.14865836031296614,0.06915199428596899,0.11757945623345199,-0.45356303211667726
REL03028,E.ON,0.1769054350011734,0.6316684925377292,0.029554810542675725,0.5125623488087797,-0.08732272383627689,-3.1377978622812094e-05,0.45476305753655577,-0.8230945649988266
REL03030,Vattenfall,0.6270263625434369,0.8749473187432466,0.11351417024059358,0.1727527574479526,-0.11665515412412526,0.07830918263538877,0.2479209561998097,-0.3729736374565631
REL03035,Ellevio,0.21503420637982718,0.4893347289659733,0.06294674205120827,-0.0049198516803572465,0.19755030451820327,0.018723327697091802,0.27430052258614607,-0.7849657936201728
REL03038,Lidköping Elnät,0.055854545992839455,-0.4318594304211887,0.04693699221818282,-0.4292401727956992,0.02068390464416055,-0.12609470048067228,-0.48771397641402814,-0.9441454540071605
REL03041,Hjo Elnät,0.7747074491046391,0.9821717872392943,-0.08479705482949038,0.5608823424248602,-0.2194766357177765,-0.04914431374293815,0.20746433813465515,-0.30227823580339885
REL03042,Skara Elnät,-0.43162308554863804,-0.0014934709565039839,-0.052035132285831634,0.3484256035686741,0.0434573302086803,0.0902818131006113,0.43012961459213406,-1.431623085548638
REL03043,Karlsborgs Elnät,0.940232973164945,1.1894607712547245,-0.13283076527489204,0.5988895973697912,-0.03699965932158859,-0.17983137468353116,0.2492277980897794,-0.4143380396577361
REL03044,Ulricehamn Energi,0.9394730394555184,0.8003922067881142,-0.05887745304393547,0.03189966818176552,0.04277082055535083,-0.1548738683605851,-0.1390808326674042,-0.15597842964725261
REL03047,Karlshamn Elnät,-0.07886563841574823,0.8861595756980423,-0.029241420960973707,0.802547888037558,0.102565406665391,0.08915334037181515,0.9650252141137905,-1.0788656384157482
REL03049,Alingsås Energi,1.0741565302845535,0.9308208758999514,-0.00923610030319303,-0.33144111514309776,0.12213591338172311,0.07520564767996563,-0.14333565438460208,-0.4251941743723675
REL03050,Näckåns Elnät (Viggafors),-0.43162308554863804,0.029948481140840144,-0.12072128765388637,0.2508207240300089,0.24117698193485507,0.09029514837850064,0.4615715666894782,-1.431623085548638
