REId,name_short,v_full,d_losses,d_grid_subscription,d_grid_connection,d_feed_in,d_capacity_reserve,d_capex_adj,d_cable
REL00001,Ale El,1.4459271066643797,0.015252124465714445,-0.3572572189878054,-0.020958036902452015,-0.03179748121386883,0.0,0.099874340034245,0.02421720617755696
REL00003,Almnäs Bruk,-0.434596521942332,-0.030865442424177214,-0.07448656236994644,-0.0015696045217672427,-0.021645519331747742,0.0,0.06452460663758375,0.02561619394555459
REL00004,Alvesta Elnät,0.9534167166133312,-0.11695714746493557,1.258362827474302,-0.0015057507995130948,-0.07560786966243072,0.0,-0.09470613500361935,-0.8265289250372287
REL00005,Arvika Teknik,0.5766547273241107,-0.05850078611548959,-0.5354495829272832,-0.021703853793741956,-0.028495246428272836,0.0,-0.005862796287647853,0.024850880150206756
REL00007,Bengtsfors Energi,1.3305962918163994,-0.04584554010447217,0.05568972521492466,-0.030714717173885298,0.015843835690732,0.0,-0.0523382197500144,0.024300029466273187
REL00008,Bergs Tingslags,0.65875059668008,-0.030359607981966796,-0.7239083489886999,-0.001519012849526824,-0.7852208291397211,-0.08798438039943068,0.16895181049516594,-0.28093447238761726
REL00010,Bjäre Kraft,0.631316776020574,-0.3760251350114485,-0.3774403871697585,0.1337900678874515,0.020311639873193954,0.0,0.004827639344817669,-0.2763299266495878
REL00011,Bjärke Energi,1.2144139753799132,-0.1348756379067062,-0.24998823040425222,-0.0014941327098894064,-0.0241870707634817,0.0,0.11616696978336005,-0.5093536698179246
REL00012,Upplands Energi,1.034893449534846,-0.07402797243158954,-0.08357111135328665,-0.0019913018356687573,-0.03611033855359658,0.0,0.09849248258002596,0.02082745652980389
REL00014,Blåsjön Nät,0.15160415972994556,-0.0707970706266714,-1.1033699779345207,-0.0015422050602564852,-0.337715925876525,-0.00478299414192751,0.24674011765163373,0.025168791073881813
REL00015,Bodens Energi,-0.434596521942332,-0.030865442424177214,-0.19567777743050296,-0.0015696045217672427,-0.021645519331747742,0.0,0.06452460663758375,0.02561619394555459
REL00016,Boo Energi,-0.434596521942332,-0.030865442424177214,-0.07448656236994644,-0.0015696045217672427,-0.021645519331747742,0.0,0.06452460663758375,0.02561619394555459
REL00017,Borgholm Energi,1.0976497542894759,-0.04568569862870575,0.09048355803813468,-0.017888558446355063,0.16267197805353018,-0.000857986886759754,-0.04459098795346339,-0.021115825813811107
REL00018,Borlänge Energi,-0.434596521942332,-0.030865442424177214,-0.7985655318299534,-0.0015696045217672427,-0.04126990415194154,0.0,-0.39617447756143953,-0.46011448715734815
REL00019,Borås Elnät,-0.06606943308916646,-0.060572620506549324,-0.8707681821422342,-0.020943177843857352,-0.009211725108160262,-0.00035695513862510353,-0.02412020064882503,0.024658857208570417
REL00021,Bromölla Energi,0.9147444986843389,0.02343853095208015,0.41533308405978797,-0.017122591317786373,-0.05391404213885842,-0.0002095096427012777,-0.00229700886869022,0.02460182428645208
REL00023,C4 Elnät,0.8710722131186177,-0.07034128195877454,0.4578251248992471,-0.0045796001648001905,0.12357672195735248,0.03834257953823084,0.09899026582378401,-0.043006072719387056
REL00024,Carlfors Bruk,,,,,,,,
REL00025,Degerfors Energi,0.3993786519288278,-0.24720148803119013,-0.07595250012923938,-0.02024145484567086,-0.0192940275467679,0.0,0.12139904760029019,0.024982816579144362
REL00029,Övertorneå Energi,0.41666981806978143,0.10451805225883959,0.06682843835232877,-0.007997721204300312,-0.0791775225350344,0.0,0.22561998506582803,0.024969906694005672
REL00030,Eksjö Elnät,0.7172978012782272,-0.04895779799303224,1.0774077608506127,-0.013629169972206867,0.03386656069044314,0.0,0.01484992478280045,0.0247468679411611
REL00031,Emmaboda Elnät,1.794631515848022,-0.029828594008973752,0.9513656295031092,0.1575931578626788,-0.029828594008973752,0.0,0.1436107451964208,-0.029828594008973752
REL00033,Halmstads Energi,-0.434596521942332,-0.030865442424177214,-0.07448656236994644,-0.0015696045217672427,-0.021645519331747742,0.0,0.06452460663758375,0.02561619394555459
REL00035,Eskilstuna Energi,-0.15058308453260727,-0.016193245861484407,-0.11331938595803281,-0.018722348671706968,-0.08015116275622569,0.0,-0.10325709263856453,0.02539811456579999
REL00037,Falbygdens Energi,1.4911419106376167,-0.08992944659893531,-0.32235940788609696,-0.0014819445569136391,0.07733631096946691,0.0,0.16039909319232049,0.024184838512453233
REL00038,Falkenberg Energi,0.3133569228660482,-0.19141042689743148,0.39074671422196783,0.10500613480228793,0.058416608727163144,0.0,-0.1314471629968672,0.025047174387426985
REL00040,Filipstad Energi,1.3291503139298833,-0.05455661885256369,-0.36266339688311167,-0.012027962717864327,-0.03987689076070389,-0.0014614158939663113,-0.052606406850452814,0.014048899015284277
REL00043,Gislaved Energi,-0.1965313441928629,-0.04200078327569745,-0.19925148320349972,-0.01662263785479068,0.022767780194032916,-0.0012607072084280802,0.07801027820849571,0.025433227524374047
REL00049,Grästorps Energi,0.4172390431132822,0.07162656658556976,-0.9281355055017704,-0.001529998941096622,0.2947931062396103,0.0,0.09050767845009133,0.018832801837187496
REL00062,Göteborg Energi,-0.434596521942332,-0.030865442424177214,-0.07448656236994644,-0.0015696045217672427,-0.021645519331747742,0.0,0.06452460663758375,0.02561619394555459
REL00064,Habo Kraft,1.4793899335287186,-0.11327107286474014,0.22432127450453532,-0.007162787759740219,-0.005297879412435869,0.0,-0.00013344240208379432,-0.18980564102233366
REL00067,Hallstaviks Elverk,1.3843377515870836,-0.10559718858291767,1.5544645312137062,-0.008647546758511204,-0.06699830366010406,-0.0024882548427695994,0.36543423437769285,0.02426138882205553
REL00072,Herrljunga Elektriska,0.6551426099816293,-0.10857407811679654,0.6670907511822421,-0.0015191761976396378,-0.02346295722861491,0.0,0.13128893833040944,0.02479276290170418
REL00074,Hjärtums Elförening,0.6141034132841616,0.14894296290666187,-1.028849018809086,-0.0015210358569772708,0.7585376401485155,0.0,-0.054514185093790246,0.024823128202622335
REL00075,Hofors Elverk,-0.434596521942332,-0.05483156303144332,-0.7913349187032459,-0.0015696045217672427,-0.021645519331747742,0.0,0.06452460663758375,0.02561619394555459
REL00077,Härnösand Elnät,0.85977079934898,-0.022810811370410633,-0.6567108803803512,-0.004309310787631304,0.012813163837388508,0.0,0.2310384762384432,0.02464209361932035
REL00078,Härryda Energi,1.7610301314248566,-0.045105346812679414,-0.06342997843213904,-0.006744432913530218,-0.043733204219309485,-0.0007365164883088582,0.08780719517711422,0.02399283037046729
REL00080,Höganäs Energi,0.9559350257908772,0.05917673102835419,-0.09679537962996587,0.0030364604839183684,0.07094058016170468,-0.0010819075616730345,0.08773039428557894,-0.07877429301104133
REL00083,Jukkasjärvi,1.4163216451622551,-0.03214850958690452,-0.12016044894429534,0.09925973664637322,-0.03258944237420902,0.0,0.11328814571143209,-0.4081384646947406
REL00085,Jämtkraft,0.7754680934274116,0.09205277417332347,-1.0163362429170153,-0.009646377030603226,-0.19346574345715517,-0.008558359150878658,0.12798348332845322,0.020363856181315754
REL00086,Jönköping Energi,0.4852897310430704,0.14014297482083382,-0.8016671232362382,0.08079926254320746,0.1502871293391106,-0.0007540845391673656,0.2109923507880307,0.02491876150982897
REL00087,Kalmar Energi,-0.027477119682228768,-0.02414690645612394,0.3326328398901568,-0.03368994691992366,-0.12578008818482367,-0.0004173413144181737,0.02794622074544506,0.025184417402723813
REL00090,Karlskoga Elnät,0.7998239713284949,-0.07931071903557463,-0.2587611161257497,0.04394873159228041,-0.12482200437360369,-0.0010694286421530919,0.06684134566758981,0.024686106139526487
REL00091,Affärsverken Karlskrona,1.476978759168479,-0.015781385691648886,-0.01140852871799325,-0.008488870724532305,-0.017025319242747194,0.0,-0.034069395788782764,-0.0036240529959652434
REL00092,Karlstads Elnät,-0.13988127483396395,0.016123015093327808,-0.7125391010905591,-0.022472069060119892,0.24671649212019142,-0.00017146810948887037,-0.1938397426280436,0.01641208587183085
REL00093,Tekniska verken Katrineholm,-0.0201956014861282,-0.11915362981006483,-0.2480081277917212,-0.0015501686018049021,-0.012981461491434754,0.0,0.40506146350925976,0.02529882586757015
REL00098,Kristinehamns Elnät,1.6589990395437404,-0.04436723466416659,0.03084464035008061,-0.014177276238314107,-0.014660648264608334,0.0,0.03112405165495158,-0.06312794102432129
REL00100,Kungälv Energi,0.4528433991197067,0.13032513641770826,-0.397158996275393,-0.010956365431225024,-0.013624445932847173,0.0,-0.09202305484070639,0.024942927635307477
REL00103,Landskrona Energi,0.2650205521006699,-0.08865455688853441,0.47838136136379994,-0.010926797350085948,-0.05624057697075635,0.0,0.08001990788801816,0.025083434672712457
REL00106,Lerum Energi,0.4024170871655963,-0.009449547727768959,-0.4781746627877892,-0.020334287370582516,-0.011804125726411208,-0.0029257199459342687,-0.06019365192355686,0.024980547385955454
REL00111,Tekniska verken Linköping,-0.2586823150839579,0.12316363954607557,-0.9870041331534574,-0.034005849640939,0.15426868752662637,0.0,0.24043881349595786,-0.0669180261685609
REL00112,Ljungby Energi,0.495123220254845,-0.11910972913231621,0.8552331798272306,-0.010975172860372417,-0.03742948563856263,-0.0017704001144203119,-0.022594750581972356,-0.06405849213726444
REL00113,Ljusdal Elnät,0.5494820076471285,-0.014663562284833453,-0.41123744132220974,-0.004640337025962893,0.0013776317524083481,0.0,0.1061342464374837,-9.4988040100219e-06
REL00118,Luleå Energi,-0.434596521942332,-0.030865442424177214,-0.9275129075166255,-0.0015696045217672427,-0.021645519331747742,0.0,0.06452460663758375,0.02561619394555459
REL00121,LEVA i Lysekil,0.960144988483913,-0.07065595819690795,0.13293089525243662,0.0023063066540318644,0.069176359199985,0.0,0.24584722424834116,0.024568633672861218
REL00123,Malung-Sälens Elnät,1.8244601098569957,0.0,0.0,0.6559315499400364,0.0,0.0,0.0,0.0
REL00126,Mellersta Skånes Kraft,1.2596431312691392,0.11037806332692135,-0.5170799620508371,-0.0014921315319105233,-0.07194670508543499,0.0,0.11869903539722948,0.024351171327041676
REL00127,Mjölby Kraft,1.0819195914448576,-0.08521166853496798,-0.6750484840421178,-0.00856276000180678,0.18893325030147068,0.0,0.10550982885917382,-0.212699683884221
REL00128,Mölndal Energi,-0.22929932717358215,0.06630833431867655,-0.10855594368194277,-0.029089337444609953,-0.02424669329292861,-0.000578465136213957,0.0853886429982964,0.025458307879677733
REL00130,Nacka Energi,1.0857687000427774,-0.11024734132665248,-0.6403073109535029,0.09388099021463425,-0.05261866961856487,-0.0028473675842022317,0.13043846613836063,-0.03249219267251746
REL00133,Norrtälje Energi,1.304192621415945,0.07140736668085346,-0.0971076141111471,-0.020548026862443614,0.06072285192055826,-0.0010180671227821847,0.3791781974831654,0.024319044042275806
REL00135,Nossebroortens Energi,1.7100046160582583,-0.07088824480196987,0.6209184019697833,-0.0014723987235454317,0.017746815661712212,0.0,0.16165316785736739,0.024028975476730885
REL00137,Nybro Elnät,0.9992275985329702,-0.17546879411007854,0.07286833708461948,-0.004418620206037005,0.03712400350273093,-0.004818260539707353,-0.007435844296854732,0.02431239652425088
REL00139,Näckåns Elnät,0.8952010292712531,-0.29891977548268667,-0.13542232497980589,-0.004883753057205453,-0.19624552857073763,-0.011909434647661143,0.30900045049624403,0.024616130205745712
REL00141,Nässjö Affärsverk,0.4434596259398571,-0.02496853750137973,0.7576884343505563,-0.017807260146063264,-0.07645963903428754,-0.0002969061468460765,0.11798597925862797,0.020721627915043506
REL00143,Olofströms Kraft,0.2045763244173937,-0.0512984984992082,0.19813694642791813,-0.0015397606134781583,-0.12044715096792835,0.0,0.003452804687409383,0.016439314295269014
REL00144,Olseröds El,1.4913662847380715,-0.1304385972973332,0.24628102535544372,-0.0014819347285088824,-0.004073688546779586,0.0,0.18911482394803336,-0.21990558437778862
REL00146,Oskarshamn Energi,0.2446168648473801,-0.23737827488561347,0.6047268244197657,-0.008089766955943212,-0.04403414047602361,-0.004540536897024161,-0.11236779231804661,-0.016382778211543325
REL00147,Oxelö Energi,-0.434596521942332,-0.030865442424177214,-0.07448656236994644,-0.0015696045217672427,-0.021645519331747742,0.0,0.06452460663758375,0.02561619394555459
REL00148,Partille Energi,0.2227680876954352,-0.11165157461183739,-0.6206911771256429,-0.03407875602325916,-0.060000791773129336,-0.0032551003809500045,0.10322271876839206,0.02511518839505289
REL00149,PiteEnergi,-0.434596521942332,-0.030865442424177214,-0.07448656236994644,-0.0015696045217672427,-0.021645519331747742,0.0,0.06452460663758375,0.02561619394555459
REL00152,Ronneby Miljöteknik,0.9365798776656664,-0.06763848263282579,-0.04337723334790766,-0.010852911982017766,-0.1192728072805016,-0.002403069887213505,-0.14995915101811974,-0.06256901017467342
REL00156,Rödeby Elverk,1.2532724821437968,-0.08304013554722989,-0.22194736897451772,-0.0014924131869431534,-0.020867594959717017,0.0,0.0001191966172875425,0.011377972185999674
REL00157,Sala-Heby Energi,0.006729148872852697,0.005619151729385763,-0.4012780045519637,-0.0015489169248317225,0.02244677601661582,0.0,0.04345765992155304,0.02527838747343747
REL00158,Sandhult-Sandared,0.18613697829623632,-0.2525716678074774,0.5462469378686219,-0.0048379099895745625,0.027681731657125397,-0.002447964613394582,0.09188334949663535,-0.07556266208499363
REL00160,SEVAB,1.606960665728141,-0.09733414561525766,0.11201088946117821,-0.0038300983644878883,-0.033663655365923084,0.0,0.1454563735918013,0.024102190781771782
REL00163,Sjogerstads El,1.7465490973647135,-0.07791101249228216,0.1780807380918903,0.18726038584575555,-0.023420105617555365,0.0,0.15023559187461455,0.01682689422919381
REL00164,Sjöbo Elnät,0.2333561676257645,-0.09661800783193897,-0.18900902935159447,-0.0015384347079594463,0.09690543816589514,0.0,-0.06390254388919381,-0.909437906974353
REL00167,Skurups Elverk,1.3071326386496551,-0.08764729772270385,1.0953771320907357,-0.005438194915785566,-0.04966614948289649,-0.0032765969801618056,0.2232754734505793,0.023885736543971525
REL00168,Skyllbergs Bruk,-0.3510015071289896,-0.08877992221790754,-0.8597852810240392,-0.0015656577600609012,-0.13519846291878412,0.0,0.14811962145092616,0.025551747083951692
REL00169,Skånska Energi,0.8034614762995052,0.019919968848025604,0.11019990215530573,0.11775109817560026,0.17352394176548547,0.0,0.037667789784734396,0.01829790583049995
REL00170,Skövde Energi,-0.17473989904146503,-0.10320782369467318,0.1711903559895811,-0.018108563782748277,-0.028450343108266107,-0.001294247814653815,-0.11181481170390306,0.02481597298863436
REL00171,Smedjebacken Energi,0.1650444707040455,-0.006687721544040848,-0.2620071982862848,-0.04068003831492195,0.027539828056943882,-0.0005057379381279148,0.1033219829542853,-0.03177934409681615
REL00173,Sollentuna Energi,-0.27875009417618335,-0.06971364165728744,-0.013820764170202615,-0.010357980069752859,-0.051171532781402185,-0.004300650648769722,0.07483131773577956,0.025496219601695014
REL00175,Staffanstorps Energi,1.8244601098569957,0.0,0.0,0.0,0.0,0.0,0.0,0.0
REL00177,Sturefors El,0.03529276503966283,-0.3663129593296732,0.3954027246120484,-0.0015475905328798945,-0.36074095482627744,-0.022467936831649382,-0.3043421915736255,0.02525672909601262
REL00178,Sundsvall Elnät,-0.07957961521529722,-0.04144770074079318,-1.139952402624278,0.013553880491268266,-0.08198398162424514,-0.001325072149571671,-0.15831872492766408,0.02534398184833586
REL00182,Njudung Sävsjö,1.2804095118585934,-0.19956197251522756,1.406274504973437,-0.009335527011122835,-0.04353558617256059,0.0,0.15953140228086582,-0.013567224390986787
REL00183,Söderhamn Elnät,-0.07315064799865434,-0.045577136241659044,-0.8012670489867868,-0.015869606274432346,-0.02804271441576578,0.0,-0.18945649113820684,0.025339088034137536
REL00184,Södra Hallands Kraft,1.5301205566038867,0.02979666554239202,-0.036556972451240455,0.0016627161228743859,0.0985390544522513,0.0,0.13002202014473774,0.0077350537391218666
REL00185,Sölvesborg Energi,1.6243436228400743,-0.06075609192628395,0.5458386906829205,-0.01610756298291438,0.08423430603394788,0.09729317786393299,-0.031255240289418396,0.02348227318120788
REL00186,Telge Nät,-0.434596521942332,-0.10762809246753768,-0.07448656236994644,-0.0015696045217672427,-0.021645519331747742,0.0,0.06452460663758375,0.02561619394555459
REL00187,Tibro Elnät,0.6400821713703042,-0.15259134484661985,0.31878459781937707,-0.010856601542141853,-0.0037371892356530267,0.0,0.004862191081822509,-0.1386425039630712
REL00191,Trollhättan Energi,0.01930923470685464,0.010542621951725728,-0.09363751663704623,0.07651389533800401,-0.005965322255052641,0.0,0.23351731008065535,0.025268845565107334
REL00193,Töre Energi,-0.21977651162595757,-0.13854015316170365,0.140333447946428,-0.0015594888943426533,-0.03862130082658011,0.0,-0.3190795909045474,-1.5424469177999556
REL00195,Uddevalla Energi,-0.07689901578926683,-0.038774922757833785,-0.36865811732593734,-0.016092921301280594,0.12760487889413863,0.0,-0.08913286435039414,0.025341941187650985
REL00201,Vallebygdens Energi,0.4434432201640748,-0.044809715311266984,0.2219240563758662,-0.0015288018290648964,-0.05267322147126663,0.0,0.15310409031166206,-0.019484242079648162
REL00203,Vara Energi,1.4238795009984706,-0.05904222506212253,0.16079446738330727,0.015773820485032175,0.31868855691865594,0.0,0.11968187483737402,0.0242330102296906
REL00204,Varberg Energi,0.32952265682910653,0.06021964479956399,-0.13948493015314423,-0.045828874594699975,-0.07517038974154122,-0.0012502015372728437,0.06016029749231766,0.024690410175254307
REL00205,Varbergsortens Elkraft,1.4318005222552443,-0.04167190387818209,0.009131308271026484,-0.0014845469813229428,0.03393274902354637,0.0,-0.013297333148010182,0.023249052160512207
REL00235,Värnamo Elnät,0.9310839749261834,0.02348888535823601,0.2101754575773329,-0.023133378275086436,0.03798018361618194,-0.0002615621284451919,0.18462231466680468,0.02458987221674036
REL00239,Västerviks Elnät,-0.1997787984493682,-0.047949506933997466,-0.42498296439483774,-0.009744319096660625,0.08109822512492038,0.0,-0.054904053285576015,0.025435711628563062
REL00242,Västra Orust Energi,1.389361031254932,-0.08724187664477245,0.028429052221068396,-0.006484742524937026,-0.011210705725184233,0.0,0.1858281632006742,0.023094891573172127
REL00243,Växjö Energi,0.7084781469255397,-0.05253381115803979,-0.4555952752978376,-0.012592861637195085,0.44188994125722303,-0.00036053075980202465,0.010622020873340965,0.02475337340965833
REL00244,Ystad Energi,1.1520791773340422,-0.24167801276089307,0.44564173992482914,-0.015657580860661824,0.00892759575339408,-0.0006844384126347691,0.038348130256227186,0.02291717085074474
REL00246,Ålem Energi,1.4025198595974286,-0.06165996210751867,0.140707273044538,-0.004260029265434895,0.04722415351916531,0.0,0.04905402603689879,0.009807721768750888
REL00249,Årsunda Kraft,1.2932156258239846,-0.01579479406352835,0.1665855849523279,-0.001490648416724305,-0.11728215867010672,0.0,0.19118796275705563,0.02432695495464543
REL00255,Östra Kinds Elkraft,-0.28172768216707667,-0.09511341158116027,0.0783822774053089,-0.0015623971627798383,-0.13139711068986815,0.0,0.0785649631625085,0.0015005868445050474
REL00257,Övik Energi,,,,,,,,
REL00267,Mälarenergi,0.32447799452177684,0.16881824307977134,-0.6506655413128337,0.04032986154027807,0.10191273640556275,-4.827851052269239e-06,-0.002418310209750807,-0.002432436840060781
REL00332,Tidaholms Elnät,1.2253509433954424,-0.018891447599655997,-0.5813192052577243,-0.0014936484725058818,0.09108696735882216,0.0,0.09061664155252114,0.02437594003164012
REL00364,Österlens Kraft,1.554399616137525,-0.11873743790795643,0.41969930042735637,-0.008411008312703139,-0.005093433141944992,-0.0010184973168625433,0.2216176700283512,-0.012719142263994954
REL00570,Västerbergslagens Elnät,-0.434596521942332,-0.030865442424177214,-0.24938856463653236,-0.0015696045217672427,-0.021645519331747742,0.0,0.06452460663758375,0.02561619394555459
REL00576,Härjeåns,0.07464626804385421,0.1552548537132714,-0.5472913540196522,0.02036426333094088,-0.22585458307418094,-0.02691691658422979,0.31576579016235895,-0.32415152237588174
REL00584,Umeå Energi,-0.434596521942332,-0.030865442424177214,-1.6556306178422853,-0.0015696045217672427,-0.021645519331747742,0.0,0.06452460663758375,0.02561619394555459
REL00585,Götene Elförening,-0.434596521942332,-0.030865442424177214,-0.07448656236994644,-0.0015696045217672427,-0.021645519331747742,0.0,0.06452460663758375,0.02561619394555459
REL00590,LKAB Nät,0.5052689000639932,-0.10734183585794366,-0.9334345950489542,-0.005516634740332371,-0.3148435148916606,0.0,-0.19732622619468287,-0.08026725336101048
REL00594,VänerEnergi,0.6333898861602405,-0.1394393441094932,-0.12118641246117168,0.03627916927164687,-0.015029911563479992,0.0213465384715672,-0.056045011189631566,0.024808851779067886
REL00824,Skellefteå Kraft,-0.434596521942332,-0.030865442424177214,-0.07448656236994644,-0.0015696045217672427,-0.021645519331747742,0.0,0.06452460663758375,0.02561619394555459
REL00885,Gävle Energi,-0.434596521942332,-0.24170162835343012,-0.4264347727844564,-0.0015696045217672427,-0.021645519331747742,0.0,-0.009847595766399042,0.02561619394555459
REL00886,Kraftringen,1.2571812476970479,-0.087330355311388,0.020105917760671055,0.04328341468404773,0.1593952181058178,0.0,0.0743341717642565,-0.09712740352629812
REL00899,Kvänumbygdens Energi,-0.434596521942332,-0.030865442424177214,-0.9140207134558986,-0.0015696045217672427,-0.021645519331747742,0.0,0.06452460663758375,0.02561619394555459
REL00904,Öresundskraft,0.9088299500966457,-0.003670128884536439,-0.026059316320470316,-0.020062685877708653,0.17750540370591317,-0.0008808163611151443,-0.02029757834733914,0.024403696347663484
REL00936,Njudung Vetlanda,0.8065942685318461,-0.07669353342056873,-0.03130350406845839,-0.018948874350366296,0.10888206179475723,-0.0012569397193518128,0.13171783740206777,0.024681130187609313
REL00937,Tranås Energi,1.034199462003138,-0.14180084889077182,-0.576185388691397,-0.0015021419867311536,0.04939412773516949,0.0,-0.008296326258183662,0.024514623240290412
REL00938,Hedemora Elnät,1.5463197127431938,-0.1605265584608384,-0.08886741108491414,-0.0014795301817471795,-0.0010218441381937282,0.0,-0.028532249390544884,0.024145416819676413
REL00944,Linde Energi,-0.434596521942332,-0.030865442424177214,-0.21589102355922263,-0.0015696045217672427,-0.031227685242551928,0.0,0.06452460663758375,0.02561619394555459
REL00945,Gotlands Elnät,0.5780531776828246,0.10791797220515154,-0.7673660434951879,-0.0015226719503935726,0.278582713182951,0.0,0.10014434011711426,-0.17212053911517256
REL00958,Vimmerby Energi,1.1707724454015134,-0.2861630214784139,0.2936286721650694,-0.002180880356239534,0.05100117021012984,-0.003996666738581567,0.1221554244612344,0.024415430565194463
REL00959,Åsele Elnät,0.5439587811441271,-0.010860945619417528,0.2917974778736898,-0.0018954855999897546,-0.07474331760430886,0.0,0.11462304738274476,0.024875143852787218
REL00965,Sörbylunds Elnät,,,,,,,,
REL01010,Sandviken Energi,0.6055467862471575,-0.06760945971473475,-0.635173149747037,-0.005319550032645282,-0.004451589076515106,0.0,-0.003861648784386773,0.024829465582976162
REL01012,Brittedals Elnät,1.670891522186757,-0.062159663452310276,0.6259733449875071,-0.0014740986365557873,-0.02063918601606929,0.0,0.1297713221961816,0.010669424113318726
REL03009,Dala Energi,0.8701761344082293,-0.0669171167528404,0.091261418344879,-0.0063320973707536865,0.011015711483275403,0.0,-0.11828530228576994,-0.05749601000446525
REL03015,Falu Elnät,0.8594692674706028,0.029875721764538454,-0.5027628767195536,-0.012444881636319849,0.1448183917379442,0.0,-0.12259305792718944,-0.0732684473614631
REL03016,Vaggeryds Elverk,-0.434596521942332,-0.030865442424177214,-0.07448656236994644,-0.0015696045217672427,-0.021645519331747742,0.0,0.06452460663758375,0.02561619394555459
REL03019,Trelleborgs Elnät,1.53647924317315,-0.03255990766524164,-0.12888643647321896,-0.01052647239736526,-0.017565371589878254,-0.0014942741237478074,0.13821392484894002,0.0165215050311307
REL03028,E.ON,0.4986573384783366,-0.0867325551568987,0.3974465963956453,0.007806355850714652,0.1394507153088531,0.027538831483564508,0.015131028513648559,0.024908814359192455
REL03030,Vattenfall,0.7153615841431593,-0.0223156376875977,-0.08649868122136972,0.023324666849133813,0.16097019109375665,0.0,-0.01814120278051945,0.0247482959196077
REL03035,Ellevio,0.43476572022531634,-0.05954573259341345,-0.238791664636695,0.00729645801937906,0.12446499281790757,0.0,0.1845113534514331,0.024956405506260104
REL03038,Lidköping Elnät,-0.434596521942332,-0.030865442424177214,-0.42291003599262966,-0.0015696045217672427,-0.021645519331747742,0.0,0.06452460663758375,0.02561619394555459
REL03041,Hjo Elnät,0.977334080767478,-0.13256899319231685,0.8037788002984048,-0.019312090244638647,-0.034969131365381045,0.0,-0.13150681544331633,-0.05179175372076461
REL03042,Skara Elnät,0.106913436142686,-0.11099018941840288,0.46702339571507157,-0.02340836711356431,-0.07421729731427185,0.0,0.07121065477304622,0.025202531413803797
REL03043,Karlsborgs Elnät,1.1871114123428228,-0.2272936451168439,0.7323265188122541,-0.007600051935874319,-0.02848222709341819,0.0,0.03443673234440059,-0.23918433969740693
REL03044,Ulricehamn Energi,0.8588233100777609,-0.14287319325951842,0.14717787802811522,-0.0015099912850091712,-0.06132228920108229,-0.0004811797387871408,0.05380523975018203,-0.16742296828984315
REL03047,Karlshamn Elnät,0.8197130685899667,-0.0817889893944379,0.9646307187367142,-0.010509269757696948,-0.04654598066233806,-0.0008552833601349619,0.17417232469290056,0.024671492096195458
REL03049,Alingsås Energi,0.9693812640779953,-0.030930430405851084,-0.2582901665700632,-0.015995227244314236,-0.08049505929899059,-0.0010271960148910964,0.11585545256613816,0.024561888686802646
REL03050,Näckåns Elnät (Viggafors),0.02724912587865891,-0.2928153022706548,0.38735908545104447,-0.00154796389741918,-0.13157380560733234,0.0,0.5045197953603031,0.025262825685268275
